class_id,teacher_id,classroom_id,scheduled_date,start_time,end_time,status,remarks
934f3f3a-5ba0-47a0-879a-3158e92416b8,,,2026-04-20,19:00,20:15,預定,[2526排程CSV] 原狀態:正常（排程中） 對班:soft_match(115)
934f3f3a-5ba0-47a0-879a-3158e92416b8,,,2026-04-27,19:00,20:15,預定,[2526排程CSV] 原狀態:正常（排程中） 對班:soft_match(115)
934f3f3a-5ba0-47a0-879a-3158e92416b8,,,2026-05-04,19:00,20:15,預定,[2526排程CSV] 原狀態:正常（排程中） 對班:soft_match(115)
934f3f3a-5ba0-47a0-879a-3158e92416b8,,,2026-05-11,19:00,20:15,預定,[2526排程CSV] 原狀態:正常（排程中） 對班:soft_match(115)
934f3f3a-5ba0-47a0-879a-3158e92416b8,,,2026-05-18,19:00,20:15,預定,[2526排程CSV] 原狀態:正常（排程中） 對班:soft_match(115)
934f3f3a-5ba0-47a0-879a-3158e92416b8,,,2026-05-25,19:00,20:15,預定,[2526排程CSV] 原狀態:正常（排程中） 對班:soft_match(115)
934f3f3a-5ba0-47a0-879a-3158e92416b8,,,2026-06-01,19:00,20:15,預定,[2526排程CSV] 原狀態:正常（排程中） 對班:soft_match(115)
934f3f3a-5ba0-47a0-879a-3158e92416b8,,,2026-06-08,19:00,20:15,預定,[2526排程CSV] 原狀態:正常（排程中） 對班:soft_match(115)
934f3f3a-5ba0-47a0-879a-3158e92416b8,,,2026-06-15,19:00,20:15,預定,[2526排程CSV] 原狀態:正常（排程中） 對班:soft_match(115)
934f3f3a-5ba0-47a0-879a-3158e92416b8,,,2026-06-22,19:00,20:15,預定,[2526排程CSV] 原狀態:正常（排程中） 對班:soft_match(115)
934f3f3a-5ba0-47a0-879a-3158e92416b8,,,2026-06-29,19:00,20:15,預定,[2526排程CSV] 原狀態:正常（排程中） 對班:soft_match(115)
1db99818-f7fe-4e73-b8d5-c306ae33b0d2,,,2026-04-28,17:45,19:00,預定,[2526排程CSV] 原狀態:正常（排程中） 對班:soft_match(80)
1db99818-f7fe-4e73-b8d5-c306ae33b0d2,,,2026-05-05,17:45,19:00,預定,[2526排程CSV] 原狀態:正常（排程中） 對班:soft_match(80)
1db99818-f7fe-4e73-b8d5-c306ae33b0d2,,,2026-05-12,17:45,19:00,預定,[2526排程CSV] 原狀態:正常（排程中） 對班:soft_match(80)
1db99818-f7fe-4e73-b8d5-c306ae33b0d2,,,2026-05-19,17:45,19:00,預定,[2526排程CSV] 原狀態:正常（排程中） 對班:soft_match(80)
1db99818-f7fe-4e73-b8d5-c306ae33b0d2,,,2026-05-26,17:45,19:00,預定,[2526排程CSV] 原狀態:正常（排程中） 對班:soft_match(80)
1db99818-f7fe-4e73-b8d5-c306ae33b0d2,,,2026-06-02,17:45,19:00,預定,[2526排程CSV] 原狀態:正常（排程中） 對班:soft_match(80)
1db99818-f7fe-4e73-b8d5-c306ae33b0d2,,,2026-06-09,17:45,19:00,預定,[2526排程CSV] 原狀態:正常（排程中） 對班:soft_match(80)
1db99818-f7fe-4e73-b8d5-c306ae33b0d2,,,2026-06-16,17:45,19:00,預定,[2526排程CSV] 原狀態:正常（排程中） 對班:soft_match(80)
1db99818-f7fe-4e73-b8d5-c306ae33b0d2,,,2026-06-23,17:45,19:00,預定,[2526排程CSV] 原狀態:正常（排程中） 對班:soft_match(80)
1db99818-f7fe-4e73-b8d5-c306ae33b0d2,,,2026-06-30,17:45,19:00,預定,[2526排程CSV] 原狀態:正常（排程中） 對班:soft_match(80)
d4ef9fff-d444-4edb-b25a-a77d540824cd,,,2026-04-22,17:00,18:15,預定,[2526排程CSV] 原狀態:正常（排程中） 對班:班名鍵精確/括號變體
d4ef9fff-d444-4edb-b25a-a77d540824cd,,,2026-04-29,17:00,18:15,預定,[2526排程CSV] 原狀態:正常（排程中） 對班:班名鍵精確/括號變體
d4ef9fff-d444-4edb-b25a-a77d540824cd,,,2026-05-06,17:00,18:15,預定,[2526排程CSV] 原狀態:正常（排程中） 對班:班名鍵精確/括號變體
d4ef9fff-d444-4edb-b25a-a77d540824cd,,,2026-05-13,17:00,18:15,預定,[2526排程CSV] 原狀態:正常（排程中） 對班:班名鍵精確/括號變體
d4ef9fff-d444-4edb-b25a-a77d540824cd,,,2026-05-20,17:00,18:15,預定,[2526排程CSV] 原狀態:正常（排程中） 對班:班名鍵精確/括號變體
d4ef9fff-d444-4edb-b25a-a77d540824cd,,,2026-05-27,17:00,18:15,預定,[2526排程CSV] 原狀態:正常（排程中） 對班:班名鍵精確/括號變體
d4ef9fff-d444-4edb-b25a-a77d540824cd,,,2026-06-03,17:00,18:15,預定,[2526排程CSV] 原狀態:正常（排程中） 對班:班名鍵精確/括號變體
d4ef9fff-d444-4edb-b25a-a77d540824cd,,,2026-06-10,17:00,18:15,預定,[2526排程CSV] 原狀態:正常（排程中） 對班:班名鍵精確/括號變體
d4ef9fff-d444-4edb-b25a-a77d540824cd,,,2026-06-17,17:00,18:15,預定,[2526排程CSV] 原狀態:正常（排程中） 對班:班名鍵精確/括號變體
d4ef9fff-d444-4edb-b25a-a77d540824cd,,,2026-06-24,17:00,18:15,預定,[2526排程CSV] 原狀態:正常（排程中） 對班:班名鍵精確/括號變體
9d18b4f6-a4f5-4029-abb0-5c8926e16d19,,,2026-04-29,19:00,20:15,預定,[2526排程CSV] 原狀態:正常（排程中） 對班:班名鍵精確/括號變體
9d18b4f6-a4f5-4029-abb0-5c8926e16d19,,,2026-04-22,19:00,20:15,預定,[2526排程CSV] 原狀態:正常（排程中） 對班:班名鍵精確/括號變體
1c46b037-f332-4eb0-9540-5f04a052570b,,,2026-06-18,17:45,19:00,預定,[2526排程CSV] 原狀態:正常（排程中） 對班:班名鍵精確/括號變體
1c46b037-f332-4eb0-9540-5f04a052570b,,,2026-06-11,17:45,19:00,預定,[2526排程CSV] 原狀態:正常（排程中） 對班:班名鍵精確/括號變體
1c46b037-f332-4eb0-9540-5f04a052570b,,,2026-06-04,17:45,19:00,預定,[2526排程CSV] 原狀態:正常（排程中） 對班:班名鍵精確/括號變體
1c46b037-f332-4eb0-9540-5f04a052570b,,,2026-05-28,17:45,19:00,預定,[2526排程CSV] 原狀態:正常（排程中） 對班:班名鍵精確/括號變體
1c46b037-f332-4eb0-9540-5f04a052570b,,,2026-05-21,17:45,19:00,預定,[2526排程CSV] 原狀態:正常（排程中） 對班:班名鍵精確/括號變體
1c46b037-f332-4eb0-9540-5f04a052570b,,,2026-06-25,17:45,19:00,預定,[2526排程CSV] 原狀態:正常（排程中） 對班:班名鍵精確/括號變體
1c46b037-f332-4eb0-9540-5f04a052570b,,,2026-05-14,17:45,19:00,預定,[2526排程CSV] 原狀態:正常（排程中） 對班:班名鍵精確/括號變體
1c46b037-f332-4eb0-9540-5f04a052570b,,,2026-05-07,17:45,19:00,預定,[2526排程CSV] 原狀態:正常（排程中） 對班:班名鍵精確/括號變體
1c46b037-f332-4eb0-9540-5f04a052570b,,,2026-04-30,17:45,19:00,預定,[2526排程CSV] 原狀態:正常（排程中） 對班:班名鍵精確/括號變體
1c46b037-f332-4eb0-9540-5f04a052570b,,,2026-04-23,17:45,19:00,預定,[2526排程CSV] 原狀態:正常（排程中） 對班:班名鍵精確/括號變體
1c46b037-f332-4eb0-9540-5f04a052570b,,,2026-04-16,17:45,19:00,完成,[2526排程CSV] 原狀態:正常（已完成） 對班:班名鍵精確/括號變體
717fc491-c5c3-4e59-a48a-ecaf23d168b5,,,2026-06-18,16:30,17:45,預定,[2526排程CSV] 原狀態:正常（排程中） 對班:班名鍵精確/括號變體
717fc491-c5c3-4e59-a48a-ecaf23d168b5,,,2026-06-11,16:30,17:45,預定,[2526排程CSV] 原狀態:正常（排程中） 對班:班名鍵精確/括號變體
717fc491-c5c3-4e59-a48a-ecaf23d168b5,,,2026-06-04,16:30,17:45,預定,[2526排程CSV] 原狀態:正常（排程中） 對班:班名鍵精確/括號變體
717fc491-c5c3-4e59-a48a-ecaf23d168b5,,,2026-04-30,16:30,17:45,預定,[2526排程CSV] 原狀態:正常（排程中） 對班:班名鍵精確/括號變體
717fc491-c5c3-4e59-a48a-ecaf23d168b5,,,2026-04-23,16:30,17:45,預定,[2526排程CSV] 原狀態:正常（排程中） 對班:班名鍵精確/括號變體
717fc491-c5c3-4e59-a48a-ecaf23d168b5,,,2026-04-16,16:30,17:45,完成,[2526排程CSV] 原狀態:正常（已完成） 對班:班名鍵精確/括號變體
717fc491-c5c3-4e59-a48a-ecaf23d168b5,,,2026-06-25,16:30,17:45,預定,[2526排程CSV] 原狀態:正常（排程中） 對班:班名鍵精確/括號變體
0fc0070f-98b1-49af-869d-4a5ce0776428,,,2026-06-26,16:45,18:00,預定,[2526排程CSV] 原狀態:正常（排程中） 對班:班名鍵精確/括號變體
0fc0070f-98b1-49af-869d-4a5ce0776428,,,2026-06-19,16:45,18:00,預定,[2526排程CSV] 原狀態:正常（排程中） 對班:班名鍵精確/括號變體
0fc0070f-98b1-49af-869d-4a5ce0776428,,,2026-06-12,16:45,18:00,預定,[2526排程CSV] 原狀態:正常（排程中） 對班:班名鍵精確/括號變體
0fc0070f-98b1-49af-869d-4a5ce0776428,,,2026-06-05,16:45,18:00,預定,[2526排程CSV] 原狀態:正常（排程中） 對班:班名鍵精確/括號變體
0fc0070f-98b1-49af-869d-4a5ce0776428,,,2026-05-29,16:45,18:00,預定,[2526排程CSV] 原狀態:正常（排程中） 對班:班名鍵精確/括號變體
0fc0070f-98b1-49af-869d-4a5ce0776428,,,2026-05-22,16:45,18:00,預定,[2526排程CSV] 原狀態:正常（排程中） 對班:班名鍵精確/括號變體
0fc0070f-98b1-49af-869d-4a5ce0776428,,,2026-05-15,16:45,18:00,預定,[2526排程CSV] 原狀態:正常（排程中） 對班:班名鍵精確/括號變體
0fc0070f-98b1-49af-869d-4a5ce0776428,,,2026-05-08,16:45,18:00,預定,[2526排程CSV] 原狀態:正常（排程中） 對班:班名鍵精確/括號變體
0fc0070f-98b1-49af-869d-4a5ce0776428,,,2026-05-01,16:45,18:00,預定,[2526排程CSV] 原狀態:正常（排程中） 對班:班名鍵精確/括號變體
0fc0070f-98b1-49af-869d-4a5ce0776428,,,2026-04-24,16:45,18:00,預定,[2526排程CSV] 原狀態:正常（排程中） 對班:班名鍵精確/括號變體
0fc0070f-98b1-49af-869d-4a5ce0776428,,,2026-04-17,16:45,18:00,完成,[2526排程CSV] 原狀態:正常（已完成） 對班:班名鍵精確/括號變體
cf2ed201-b3bf-45cc-ac38-011bd14d1c57,,,2026-06-26,17:45,19:00,預定,[2526排程CSV] 原狀態:正常（排程中） 對班:班名鍵精確/括號變體
cf2ed201-b3bf-45cc-ac38-011bd14d1c57,,,2026-06-19,17:45,19:00,預定,[2526排程CSV] 原狀態:正常（排程中） 對班:班名鍵精確/括號變體
cf2ed201-b3bf-45cc-ac38-011bd14d1c57,,,2026-06-12,17:45,19:00,預定,[2526排程CSV] 原狀態:正常（排程中） 對班:班名鍵精確/括號變體
cf2ed201-b3bf-45cc-ac38-011bd14d1c57,,,2026-06-05,17:45,19:00,預定,[2526排程CSV] 原狀態:正常（排程中） 對班:班名鍵精確/括號變體
cf2ed201-b3bf-45cc-ac38-011bd14d1c57,,,2026-05-29,17:45,19:00,預定,[2526排程CSV] 原狀態:正常（排程中） 對班:班名鍵精確/括號變體
cf2ed201-b3bf-45cc-ac38-011bd14d1c57,,,2026-05-22,17:45,19:00,預定,[2526排程CSV] 原狀態:正常（排程中） 對班:班名鍵精確/括號變體
cf2ed201-b3bf-45cc-ac38-011bd14d1c57,,,2026-05-15,17:45,19:00,預定,[2526排程CSV] 原狀態:正常（排程中） 對班:班名鍵精確/括號變體
cf2ed201-b3bf-45cc-ac38-011bd14d1c57,,,2026-05-08,17:45,19:00,預定,[2526排程CSV] 原狀態:正常（排程中） 對班:班名鍵精確/括號變體
cf2ed201-b3bf-45cc-ac38-011bd14d1c57,,,2026-05-01,17:45,19:00,預定,[2526排程CSV] 原狀態:正常（排程中） 對班:班名鍵精確/括號變體
cf2ed201-b3bf-45cc-ac38-011bd14d1c57,,,2026-04-24,17:45,19:00,預定,[2526排程CSV] 原狀態:正常（排程中） 對班:班名鍵精確/括號變體
cf2ed201-b3bf-45cc-ac38-011bd14d1c57,,,2026-04-17,17:45,19:00,預定,[2526排程CSV] 原狀態:正常（排程中） 對班:班名鍵精確/括號變體
a874a45d-d45b-4ea4-a82c-0a570e2b3795,,,2026-06-26,16:30,17:45,預定,[2526排程CSV] 原狀態:未有學生報讀 對班:班名鍵精確/括號變體
a874a45d-d45b-4ea4-a82c-0a570e2b3795,,,2026-06-19,16:30,17:45,預定,[2526排程CSV] 原狀態:未有學生報讀 對班:班名鍵精確/括號變體
a874a45d-d45b-4ea4-a82c-0a570e2b3795,,,2026-06-12,16:30,17:45,預定,[2526排程CSV] 原狀態:未有學生報讀 對班:班名鍵精確/括號變體
a874a45d-d45b-4ea4-a82c-0a570e2b3795,,,2026-06-05,16:30,17:45,預定,[2526排程CSV] 原狀態:未有學生報讀 對班:班名鍵精確/括號變體
a874a45d-d45b-4ea4-a82c-0a570e2b3795,,,2026-05-29,16:30,17:45,預定,[2526排程CSV] 原狀態:未有學生報讀 對班:班名鍵精確/括號變體
a874a45d-d45b-4ea4-a82c-0a570e2b3795,,,2026-05-22,16:30,17:45,預定,[2526排程CSV] 原狀態:未有學生報讀 對班:班名鍵精確/括號變體
a874a45d-d45b-4ea4-a82c-0a570e2b3795,,,2026-05-15,16:30,17:45,預定,[2526排程CSV] 原狀態:未有學生報讀 對班:班名鍵精確/括號變體
a874a45d-d45b-4ea4-a82c-0a570e2b3795,,,2026-05-08,16:30,17:45,預定,[2526排程CSV] 原狀態:未有學生報讀 對班:班名鍵精確/括號變體
a874a45d-d45b-4ea4-a82c-0a570e2b3795,,,2026-05-01,16:30,17:45,預定,[2526排程CSV] 原狀態:未有學生報讀 對班:班名鍵精確/括號變體
a874a45d-d45b-4ea4-a82c-0a570e2b3795,,,2026-04-24,16:30,17:45,預定,[2526排程CSV] 原狀態:未有學生報讀 對班:班名鍵精確/括號變體
a874a45d-d45b-4ea4-a82c-0a570e2b3795,,,2026-04-17,16:30,17:45,預定,[2526排程CSV] 原狀態:未有學生報讀 對班:班名鍵精確/括號變體
94194de7-9fd3-4c44-9b29-0030c7616f08,,,2026-06-27,15:15,16:30,預定,[2526排程CSV] 原狀態:正常（排程中） 對班:班名鍵精確/括號變體
94194de7-9fd3-4c44-9b29-0030c7616f08,,,2026-06-20,15:15,16:30,預定,[2526排程CSV] 原狀態:正常（排程中） 對班:班名鍵精確/括號變體
94194de7-9fd3-4c44-9b29-0030c7616f08,,,2026-06-06,15:15,16:30,預定,[2526排程CSV] 原狀態:正常（排程中） 對班:班名鍵精確/括號變體
94194de7-9fd3-4c44-9b29-0030c7616f08,,,2026-05-30,15:15,16:30,預定,[2526排程CSV] 原狀態:正常（排程中） 對班:班名鍵精確/括號變體
94194de7-9fd3-4c44-9b29-0030c7616f08,,,2026-05-23,15:15,16:30,預定,[2526排程CSV] 原狀態:正常（排程中） 對班:班名鍵精確/括號變體
94194de7-9fd3-4c44-9b29-0030c7616f08,,,2026-05-16,15:15,16:30,預定,[2526排程CSV] 原狀態:正常（排程中） 對班:班名鍵精確/括號變體
94194de7-9fd3-4c44-9b29-0030c7616f08,,,2026-05-09,15:15,16:30,預定,[2526排程CSV] 原狀態:正常（排程中） 對班:班名鍵精確/括號變體
94194de7-9fd3-4c44-9b29-0030c7616f08,,,2026-05-02,15:15,16:30,預定,[2526排程CSV] 原狀態:正常（排程中） 對班:班名鍵精確/括號變體
94194de7-9fd3-4c44-9b29-0030c7616f08,,,2026-04-25,15:15,16:30,預定,[2526排程CSV] 原狀態:正常（排程中） 對班:班名鍵精確/括號變體
94194de7-9fd3-4c44-9b29-0030c7616f08,,,2026-04-18,15:15,16:30,完成,[2526排程CSV] 原狀態:正常（已完成） 對班:班名鍵精確/括號變體
94194de7-9fd3-4c44-9b29-0030c7616f08,,,2026-06-13,15:15,16:30,預定,[2526排程CSV] 原狀態:正常（排程中） 對班:班名鍵精確/括號變體
7a9c1c43-2bc2-4e68-8f0a-b190e43dad3f,,,2026-06-27,11:30,12:45,預定,[2526排程CSV] 原狀態:未有學生報讀 對班:班名鍵精確/括號變體
7a9c1c43-2bc2-4e68-8f0a-b190e43dad3f,,,2026-06-20,11:30,12:45,預定,[2526排程CSV] 原狀態:未有學生報讀 對班:班名鍵精確/括號變體
7a9c1c43-2bc2-4e68-8f0a-b190e43dad3f,,,2026-06-13,11:30,12:45,預定,[2526排程CSV] 原狀態:未有學生報讀 對班:班名鍵精確/括號變體
7a9c1c43-2bc2-4e68-8f0a-b190e43dad3f,,,2026-06-06,11:30,12:45,預定,[2526排程CSV] 原狀態:未有學生報讀 對班:班名鍵精確/括號變體
7a9c1c43-2bc2-4e68-8f0a-b190e43dad3f,,,2026-05-30,11:30,12:45,預定,[2526排程CSV] 原狀態:未有學生報讀 對班:班名鍵精確/括號變體
7a9c1c43-2bc2-4e68-8f0a-b190e43dad3f,,,2026-05-23,11:30,12:45,預定,[2526排程CSV] 原狀態:未有學生報讀 對班:班名鍵精確/括號變體
7a9c1c43-2bc2-4e68-8f0a-b190e43dad3f,,,2026-05-16,11:30,12:45,預定,[2526排程CSV] 原狀態:未有學生報讀 對班:班名鍵精確/括號變體
7a9c1c43-2bc2-4e68-8f0a-b190e43dad3f,,,2026-05-09,11:30,12:45,預定,[2526排程CSV] 原狀態:未有學生報讀 對班:班名鍵精確/括號變體
7a9c1c43-2bc2-4e68-8f0a-b190e43dad3f,,,2026-05-02,11:30,12:45,預定,[2526排程CSV] 原狀態:未有學生報讀 對班:班名鍵精確/括號變體
7a9c1c43-2bc2-4e68-8f0a-b190e43dad3f,,,2026-04-25,11:30,12:45,預定,[2526排程CSV] 原狀態:未有學生報讀 對班:班名鍵精確/括號變體
7a9c1c43-2bc2-4e68-8f0a-b190e43dad3f,,,2026-04-18,11:30,12:45,預定,[2526排程CSV] 原狀態:未有學生報讀 對班:班名鍵精確/括號變體
167607d0-b816-4485-9030-ff617f8b4382,,,2026-06-27,14:00,15:15,預定,[2526排程CSV] 原狀態:正常（排程中） 對班:班名鍵精確/括號變體
167607d0-b816-4485-9030-ff617f8b4382,,,2026-06-20,14:00,15:15,預定,[2526排程CSV] 原狀態:正常（排程中） 對班:班名鍵精確/括號變體
167607d0-b816-4485-9030-ff617f8b4382,,,2026-06-13,14:00,15:15,預定,[2526排程CSV] 原狀態:正常（排程中） 對班:班名鍵精確/括號變體
167607d0-b816-4485-9030-ff617f8b4382,,,2026-06-06,14:00,15:15,預定,[2526排程CSV] 原狀態:正常（排程中） 對班:班名鍵精確/括號變體
167607d0-b816-4485-9030-ff617f8b4382,,,2026-05-30,14:00,15:15,預定,[2526排程CSV] 原狀態:正常（排程中） 對班:班名鍵精確/括號變體
167607d0-b816-4485-9030-ff617f8b4382,,,2026-05-23,14:00,15:15,預定,[2526排程CSV] 原狀態:正常（排程中） 對班:班名鍵精確/括號變體
167607d0-b816-4485-9030-ff617f8b4382,,,2026-05-16,14:00,15:15,預定,[2526排程CSV] 原狀態:正常（排程中） 對班:班名鍵精確/括號變體
167607d0-b816-4485-9030-ff617f8b4382,,,2026-05-09,14:00,15:15,預定,[2526排程CSV] 原狀態:正常（排程中） 對班:班名鍵精確/括號變體
167607d0-b816-4485-9030-ff617f8b4382,,,2026-05-02,14:00,15:15,預定,[2526排程CSV] 原狀態:正常（排程中） 對班:班名鍵精確/括號變體
167607d0-b816-4485-9030-ff617f8b4382,,,2026-04-25,14:00,15:15,預定,[2526排程CSV] 原狀態:正常（排程中） 對班:班名鍵精確/括號變體
167607d0-b816-4485-9030-ff617f8b4382,,,2026-04-18,14:00,15:15,完成,[2526排程CSV] 原狀態:正常（已完成） 對班:班名鍵精確/括號變體
eb9d88d8-cb5c-4ea5-aae2-ada9dd4a99ba,,,2026-06-27,15:15,16:30,預定,[2526排程CSV] 原狀態:正常（排程中） 對班:班名鍵精確/括號變體
eb9d88d8-cb5c-4ea5-aae2-ada9dd4a99ba,,,2026-06-20,15:15,16:30,預定,[2526排程CSV] 原狀態:正常（排程中） 對班:班名鍵精確/括號變體
eb9d88d8-cb5c-4ea5-aae2-ada9dd4a99ba,,,2026-06-13,15:15,16:30,預定,[2526排程CSV] 原狀態:正常（排程中） 對班:班名鍵精確/括號變體
eb9d88d8-cb5c-4ea5-aae2-ada9dd4a99ba,,,2026-06-06,15:15,16:30,預定,[2526排程CSV] 原狀態:正常（排程中） 對班:班名鍵精確/括號變體
eb9d88d8-cb5c-4ea5-aae2-ada9dd4a99ba,,,2026-05-30,15:15,16:30,預定,[2526排程CSV] 原狀態:正常（排程中） 對班:班名鍵精確/括號變體
eb9d88d8-cb5c-4ea5-aae2-ada9dd4a99ba,,,2026-05-23,15:15,16:30,預定,[2526排程CSV] 原狀態:正常（排程中） 對班:班名鍵精確/括號變體
eb9d88d8-cb5c-4ea5-aae2-ada9dd4a99ba,,,2026-05-16,15:15,16:30,預定,[2526排程CSV] 原狀態:正常（排程中） 對班:班名鍵精確/括號變體
eb9d88d8-cb5c-4ea5-aae2-ada9dd4a99ba,,,2026-05-09,15:15,16:30,預定,[2526排程CSV] 原狀態:正常（排程中） 對班:班名鍵精確/括號變體
eb9d88d8-cb5c-4ea5-aae2-ada9dd4a99ba,,,2026-05-02,15:15,16:30,預定,[2526排程CSV] 原狀態:正常（排程中） 對班:班名鍵精確/括號變體
eb9d88d8-cb5c-4ea5-aae2-ada9dd4a99ba,,,2026-04-25,15:15,16:30,預定,[2526排程CSV] 原狀態:正常（排程中） 對班:班名鍵精確/括號變體
eb9d88d8-cb5c-4ea5-aae2-ada9dd4a99ba,,,2026-04-18,15:15,16:30,預定,[2526排程CSV] 原狀態:正常（排程中） 對班:班名鍵精確/括號變體
e78ac7ea-67f8-4b15-86c4-445a29635b1f,,,2026-06-24,17:45,19:00,預定,[2526排程CSV] 原狀態:正常（排程中） 對班:班名鍵精確/括號變體
e78ac7ea-67f8-4b15-86c4-445a29635b1f,,,2026-06-17,17:45,19:00,預定,[2526排程CSV] 原狀態:正常（排程中） 對班:班名鍵精確/括號變體
e78ac7ea-67f8-4b15-86c4-445a29635b1f,,,2026-06-03,17:45,19:00,預定,[2526排程CSV] 原狀態:正常（排程中） 對班:班名鍵精確/括號變體
e78ac7ea-67f8-4b15-86c4-445a29635b1f,,,2026-05-27,17:45,19:00,預定,[2526排程CSV] 原狀態:正常（排程中） 對班:班名鍵精確/括號變體
e78ac7ea-67f8-4b15-86c4-445a29635b1f,,,2026-05-20,17:45,19:00,預定,[2526排程CSV] 原狀態:正常（排程中） 對班:班名鍵精確/括號變體
e78ac7ea-67f8-4b15-86c4-445a29635b1f,,,2026-05-13,17:45,19:00,預定,[2526排程CSV] 原狀態:正常（排程中） 對班:班名鍵精確/括號變體
e78ac7ea-67f8-4b15-86c4-445a29635b1f,,,2026-05-06,17:45,19:00,預定,[2526排程CSV] 原狀態:正常（排程中） 對班:班名鍵精確/括號變體
e78ac7ea-67f8-4b15-86c4-445a29635b1f,,,2026-04-29,17:45,19:00,預定,[2526排程CSV] 原狀態:正常（排程中） 對班:班名鍵精確/括號變體
e78ac7ea-67f8-4b15-86c4-445a29635b1f,,,2026-04-22,17:45,19:00,預定,[2526排程CSV] 原狀態:正常（排程中） 對班:班名鍵精確/括號變體
e78ac7ea-67f8-4b15-86c4-445a29635b1f,,,2026-06-10,17:45,19:00,預定,[2526排程CSV] 原狀態:正常（排程中） 對班:班名鍵精確/括號變體
0ad6a2f9-a31f-4e3b-a04a-d23c3cd1e405,,,2026-06-13,10:15,11:30,預定,[2526排程CSV] 原狀態:正常（排程中） 對班:班名鍵精確/括號變體
0ad6a2f9-a31f-4e3b-a04a-d23c3cd1e405,,,2026-06-27,10:15,11:30,預定,[2526排程CSV] 原狀態:正常（排程中） 對班:班名鍵精確/括號變體
0ad6a2f9-a31f-4e3b-a04a-d23c3cd1e405,,,2026-06-20,10:15,11:30,預定,[2526排程CSV] 原狀態:正常（排程中） 對班:班名鍵精確/括號變體
0ad6a2f9-a31f-4e3b-a04a-d23c3cd1e405,,,2026-06-06,10:15,11:30,預定,[2526排程CSV] 原狀態:正常（排程中） 對班:班名鍵精確/括號變體
0ad6a2f9-a31f-4e3b-a04a-d23c3cd1e405,,,2026-05-30,10:15,11:30,預定,[2526排程CSV] 原狀態:正常（排程中） 對班:班名鍵精確/括號變體
0ad6a2f9-a31f-4e3b-a04a-d23c3cd1e405,,,2026-05-23,10:15,11:30,預定,[2526排程CSV] 原狀態:正常（排程中） 對班:班名鍵精確/括號變體
0ad6a2f9-a31f-4e3b-a04a-d23c3cd1e405,,,2026-05-16,10:15,11:30,預定,[2526排程CSV] 原狀態:正常（排程中） 對班:班名鍵精確/括號變體
0ad6a2f9-a31f-4e3b-a04a-d23c3cd1e405,,,2026-05-09,10:15,11:30,預定,[2526排程CSV] 原狀態:正常（排程中） 對班:班名鍵精確/括號變體
0ad6a2f9-a31f-4e3b-a04a-d23c3cd1e405,,,2026-05-02,10:15,11:30,預定,[2526排程CSV] 原狀態:正常（排程中） 對班:班名鍵精確/括號變體
0ad6a2f9-a31f-4e3b-a04a-d23c3cd1e405,,,2026-04-25,10:15,11:30,預定,[2526排程CSV] 原狀態:正常（排程中） 對班:班名鍵精確/括號變體
0ad6a2f9-a31f-4e3b-a04a-d23c3cd1e405,,,2026-04-18,10:15,11:30,完成,[2526排程CSV] 原狀態:正常（已完成） 對班:班名鍵精確/括號變體
e4aa21ce-1d5e-4e6a-b13a-6e274a27a1d2,,,2026-06-27,11:30,12:45,預定,[2526排程CSV] 原狀態:正常（排程中） 對班:班名鍵精確/括號變體
e4aa21ce-1d5e-4e6a-b13a-6e274a27a1d2,,,2026-06-20,11:30,12:45,預定,[2526排程CSV] 原狀態:正常（排程中） 對班:班名鍵精確/括號變體
e4aa21ce-1d5e-4e6a-b13a-6e274a27a1d2,,,2026-06-13,11:30,12:45,預定,[2526排程CSV] 原狀態:正常（排程中） 對班:班名鍵精確/括號變體
e4aa21ce-1d5e-4e6a-b13a-6e274a27a1d2,,,2026-06-06,11:30,12:45,預定,[2526排程CSV] 原狀態:正常（排程中） 對班:班名鍵精確/括號變體
e4aa21ce-1d5e-4e6a-b13a-6e274a27a1d2,,,2026-05-30,11:30,12:45,預定,[2526排程CSV] 原狀態:正常（排程中） 對班:班名鍵精確/括號變體
e4aa21ce-1d5e-4e6a-b13a-6e274a27a1d2,,,2026-05-23,11:30,12:45,預定,[2526排程CSV] 原狀態:正常（排程中） 對班:班名鍵精確/括號變體
e4aa21ce-1d5e-4e6a-b13a-6e274a27a1d2,,,2026-05-16,11:30,12:45,預定,[2526排程CSV] 原狀態:正常（排程中） 對班:班名鍵精確/括號變體
e4aa21ce-1d5e-4e6a-b13a-6e274a27a1d2,,,2026-05-09,11:30,12:45,預定,[2526排程CSV] 原狀態:正常（排程中） 對班:班名鍵精確/括號變體
e4aa21ce-1d5e-4e6a-b13a-6e274a27a1d2,,,2026-05-02,11:30,12:45,預定,[2526排程CSV] 原狀態:正常（排程中） 對班:班名鍵精確/括號變體
e4aa21ce-1d5e-4e6a-b13a-6e274a27a1d2,,,2026-04-25,11:30,12:45,預定,[2526排程CSV] 原狀態:正常（排程中） 對班:班名鍵精確/括號變體
e4aa21ce-1d5e-4e6a-b13a-6e274a27a1d2,,,2026-04-18,11:30,12:45,完成,[2526排程CSV] 原狀態:正常（已完成） 對班:班名鍵精確/括號變體
e45bc7fb-1ce4-4f71-b50b-601791a48a9a,,,2026-06-27,12:45,14:00,預定,[2526排程CSV] 原狀態:正常（排程中） 對班:soft_match(115)
e45bc7fb-1ce4-4f71-b50b-601791a48a9a,,,2026-06-20,12:45,14:00,預定,[2526排程CSV] 原狀態:正常（排程中） 對班:soft_match(115)
e45bc7fb-1ce4-4f71-b50b-601791a48a9a,,,2026-06-13,12:45,14:00,預定,[2526排程CSV] 原狀態:正常（排程中） 對班:soft_match(115)
e45bc7fb-1ce4-4f71-b50b-601791a48a9a,,,2026-06-06,12:45,14:00,預定,[2526排程CSV] 原狀態:正常（排程中） 對班:soft_match(115)
e45bc7fb-1ce4-4f71-b50b-601791a48a9a,,,2026-05-30,12:45,14:00,預定,[2526排程CSV] 原狀態:正常（排程中） 對班:soft_match(115)
e45bc7fb-1ce4-4f71-b50b-601791a48a9a,,,2026-05-23,12:45,14:00,預定,[2526排程CSV] 原狀態:正常（排程中） 對班:soft_match(115)
e45bc7fb-1ce4-4f71-b50b-601791a48a9a,,,2026-05-16,12:45,14:00,預定,[2526排程CSV] 原狀態:正常（排程中） 對班:soft_match(115)
e45bc7fb-1ce4-4f71-b50b-601791a48a9a,,,2026-05-09,12:45,14:00,預定,[2526排程CSV] 原狀態:正常（排程中） 對班:soft_match(115)
e45bc7fb-1ce4-4f71-b50b-601791a48a9a,,,2026-05-02,12:45,14:00,預定,[2526排程CSV] 原狀態:正常（排程中） 對班:soft_match(115)
e45bc7fb-1ce4-4f71-b50b-601791a48a9a,,,2026-04-25,12:45,14:00,預定,[2526排程CSV] 原狀態:正常（排程中） 對班:soft_match(115)
e45bc7fb-1ce4-4f71-b50b-601791a48a9a,,,2026-04-18,12:45,14:00,完成,[2526排程CSV] 原狀態:正常（已完成） 對班:soft_match(115)
4afcd2a6-b089-4010-b02c-8d36924eaebb,,,2026-06-27,17:45,19:00,預定,[2526排程CSV] 原狀態:正常（排程中） 對班:班名鍵精確/括號變體
4afcd2a6-b089-4010-b02c-8d36924eaebb,,,2026-06-20,17:45,19:00,預定,[2526排程CSV] 原狀態:正常（排程中） 對班:班名鍵精確/括號變體
4afcd2a6-b089-4010-b02c-8d36924eaebb,,,2026-06-13,17:45,19:00,預定,[2526排程CSV] 原狀態:正常（排程中） 對班:班名鍵精確/括號變體
4afcd2a6-b089-4010-b02c-8d36924eaebb,,,2026-06-06,17:45,19:00,預定,[2526排程CSV] 原狀態:正常（排程中） 對班:班名鍵精確/括號變體
4afcd2a6-b089-4010-b02c-8d36924eaebb,,,2026-05-30,17:45,19:00,預定,[2526排程CSV] 原狀態:正常（排程中） 對班:班名鍵精確/括號變體
4afcd2a6-b089-4010-b02c-8d36924eaebb,,,2026-05-23,17:45,19:00,預定,[2526排程CSV] 原狀態:正常（排程中） 對班:班名鍵精確/括號變體
4afcd2a6-b089-4010-b02c-8d36924eaebb,,,2026-05-16,17:45,19:00,預定,[2526排程CSV] 原狀態:正常（排程中） 對班:班名鍵精確/括號變體
4afcd2a6-b089-4010-b02c-8d36924eaebb,,,2026-05-09,17:45,19:00,預定,[2526排程CSV] 原狀態:正常（排程中） 對班:班名鍵精確/括號變體
4afcd2a6-b089-4010-b02c-8d36924eaebb,,,2026-05-02,17:45,19:00,預定,[2526排程CSV] 原狀態:正常（排程中） 對班:班名鍵精確/括號變體
4afcd2a6-b089-4010-b02c-8d36924eaebb,,,2026-04-25,17:45,19:00,預定,[2526排程CSV] 原狀態:正常（排程中） 對班:班名鍵精確/括號變體
4afcd2a6-b089-4010-b02c-8d36924eaebb,,,2026-04-18,17:45,19:00,預定,[2526排程CSV] 原狀態:正常（排程中） 對班:班名鍵精確/括號變體
6e0c9d6f-029a-4966-9612-6a580ba54aeb,,,2026-06-27,14:00,15:15,預定,[2526排程CSV] 原狀態:正常（排程中） 對班:soft_match(115)
6e0c9d6f-029a-4966-9612-6a580ba54aeb,,,2026-06-20,14:00,15:15,預定,[2526排程CSV] 原狀態:正常（排程中） 對班:soft_match(115)
6e0c9d6f-029a-4966-9612-6a580ba54aeb,,,2026-06-13,14:00,15:15,預定,[2526排程CSV] 原狀態:正常（排程中） 對班:soft_match(115)
6e0c9d6f-029a-4966-9612-6a580ba54aeb,,,2026-06-06,14:00,15:15,預定,[2526排程CSV] 原狀態:正常（排程中） 對班:soft_match(115)
6e0c9d6f-029a-4966-9612-6a580ba54aeb,,,2026-05-30,14:00,15:15,預定,[2526排程CSV] 原狀態:正常（排程中） 對班:soft_match(115)
6e0c9d6f-029a-4966-9612-6a580ba54aeb,,,2026-05-23,14:00,15:15,預定,[2526排程CSV] 原狀態:正常（排程中） 對班:soft_match(115)
6e0c9d6f-029a-4966-9612-6a580ba54aeb,,,2026-05-16,14:00,15:15,預定,[2526排程CSV] 原狀態:正常（排程中） 對班:soft_match(115)
6e0c9d6f-029a-4966-9612-6a580ba54aeb,,,2026-05-09,14:00,15:15,預定,[2526排程CSV] 原狀態:正常（排程中） 對班:soft_match(115)
6e0c9d6f-029a-4966-9612-6a580ba54aeb,,,2026-05-02,14:00,15:15,預定,[2526排程CSV] 原狀態:正常（排程中） 對班:soft_match(115)
6e0c9d6f-029a-4966-9612-6a580ba54aeb,,,2026-04-25,14:00,15:15,預定,[2526排程CSV] 原狀態:正常（排程中） 對班:soft_match(115)
6e0c9d6f-029a-4966-9612-6a580ba54aeb,,,2026-04-18,14:00,15:15,預定,[2526排程CSV] 原狀態:正常（排程中） 對班:soft_match(115)
21627141-68b0-4be0-a072-8cc7c4878654,,,2026-06-27,10:15,11:30,預定,[2526排程CSV] 原狀態:正常（排程中） 對班:班名鍵精確/括號變體
21627141-68b0-4be0-a072-8cc7c4878654,,,2026-06-20,10:15,11:30,預定,[2526排程CSV] 原狀態:正常（排程中） 對班:班名鍵精確/括號變體
21627141-68b0-4be0-a072-8cc7c4878654,,,2026-06-13,10:15,11:30,預定,[2526排程CSV] 原狀態:正常（排程中） 對班:班名鍵精確/括號變體
21627141-68b0-4be0-a072-8cc7c4878654,,,2026-06-06,10:15,11:30,預定,[2526排程CSV] 原狀態:正常（排程中） 對班:班名鍵精確/括號變體
21627141-68b0-4be0-a072-8cc7c4878654,,,2026-05-30,10:15,11:30,預定,[2526排程CSV] 原狀態:正常（排程中） 對班:班名鍵精確/括號變體
21627141-68b0-4be0-a072-8cc7c4878654,,,2026-05-23,10:15,11:30,預定,[2526排程CSV] 原狀態:正常（排程中） 對班:班名鍵精確/括號變體
21627141-68b0-4be0-a072-8cc7c4878654,,,2026-05-16,10:15,11:30,預定,[2526排程CSV] 原狀態:正常（排程中） 對班:班名鍵精確/括號變體
21627141-68b0-4be0-a072-8cc7c4878654,,,2026-05-09,10:15,11:30,預定,[2526排程CSV] 原狀態:正常（排程中） 對班:班名鍵精確/括號變體
21627141-68b0-4be0-a072-8cc7c4878654,,,2026-05-02,10:15,11:30,預定,[2526排程CSV] 原狀態:正常（排程中） 對班:班名鍵精確/括號變體
21627141-68b0-4be0-a072-8cc7c4878654,,,2026-04-25,10:15,11:30,預定,[2526排程CSV] 原狀態:正常（排程中） 對班:班名鍵精確/括號變體
21627141-68b0-4be0-a072-8cc7c4878654,,,2026-04-18,10:15,11:30,預定,[2526排程CSV] 原狀態:正常（排程中） 對班:班名鍵精確/括號變體
20f8b798-8513-4df7-85f4-bcc36d3e3169,,,2026-06-28,11:30,12:45,預定,[2526排程CSV] 原狀態:正常（排程中） 對班:班名鍵精確/括號變體
20f8b798-8513-4df7-85f4-bcc36d3e3169,,,2026-06-21,11:30,12:45,預定,[2526排程CSV] 原狀態:正常（排程中） 對班:班名鍵精確/括號變體
20f8b798-8513-4df7-85f4-bcc36d3e3169,,,2026-06-14,11:30,12:45,預定,[2526排程CSV] 原狀態:正常（排程中） 對班:班名鍵精確/括號變體
20f8b798-8513-4df7-85f4-bcc36d3e3169,,,2026-06-07,11:30,12:45,預定,[2526排程CSV] 原狀態:正常（排程中） 對班:班名鍵精確/括號變體
20f8b798-8513-4df7-85f4-bcc36d3e3169,,,2026-05-31,11:30,12:45,預定,[2526排程CSV] 原狀態:正常（排程中） 對班:班名鍵精確/括號變體
20f8b798-8513-4df7-85f4-bcc36d3e3169,,,2026-05-24,11:30,12:45,預定,[2526排程CSV] 原狀態:正常（排程中） 對班:班名鍵精確/括號變體
20f8b798-8513-4df7-85f4-bcc36d3e3169,,,2026-05-17,11:30,12:45,預定,[2526排程CSV] 原狀態:正常（排程中） 對班:班名鍵精確/括號變體
20f8b798-8513-4df7-85f4-bcc36d3e3169,,,2026-05-10,11:30,12:45,預定,[2526排程CSV] 原狀態:正常（排程中） 對班:班名鍵精確/括號變體
20f8b798-8513-4df7-85f4-bcc36d3e3169,,,2026-05-03,11:30,12:45,預定,[2526排程CSV] 原狀態:正常（排程中） 對班:班名鍵精確/括號變體
20f8b798-8513-4df7-85f4-bcc36d3e3169,,,2026-04-26,11:30,12:45,預定,[2526排程CSV] 原狀態:正常（排程中） 對班:班名鍵精確/括號變體
20f8b798-8513-4df7-85f4-bcc36d3e3169,,,2026-04-19,11:30,12:45,預定,[2526排程CSV] 原狀態:正常（排程中） 對班:班名鍵精確/括號變體
72f4a923-5ac0-4183-bb70-bc64349ff3af,,,2026-06-28,14:00,15:15,預定,[2526排程CSV] 原狀態:正常（排程中） 對班:班名鍵精確/括號變體
72f4a923-5ac0-4183-bb70-bc64349ff3af,,,2026-06-21,14:00,15:15,預定,[2526排程CSV] 原狀態:正常（排程中） 對班:班名鍵精確/括號變體
72f4a923-5ac0-4183-bb70-bc64349ff3af,,,2026-06-14,14:00,15:15,預定,[2526排程CSV] 原狀態:正常（排程中） 對班:班名鍵精確/括號變體
72f4a923-5ac0-4183-bb70-bc64349ff3af,,,2026-06-07,14:00,15:15,預定,[2526排程CSV] 原狀態:正常（排程中） 對班:班名鍵精確/括號變體
72f4a923-5ac0-4183-bb70-bc64349ff3af,,,2026-05-31,14:00,15:15,預定,[2526排程CSV] 原狀態:正常（排程中） 對班:班名鍵精確/括號變體
72f4a923-5ac0-4183-bb70-bc64349ff3af,,,2026-05-24,14:00,15:15,預定,[2526排程CSV] 原狀態:正常（排程中） 對班:班名鍵精確/括號變體
72f4a923-5ac0-4183-bb70-bc64349ff3af,,,2026-05-17,14:00,15:15,預定,[2526排程CSV] 原狀態:正常（排程中） 對班:班名鍵精確/括號變體
72f4a923-5ac0-4183-bb70-bc64349ff3af,,,2026-05-10,14:00,15:15,預定,[2526排程CSV] 原狀態:正常（排程中） 對班:班名鍵精確/括號變體
72f4a923-5ac0-4183-bb70-bc64349ff3af,,,2026-05-03,14:00,15:15,預定,[2526排程CSV] 原狀態:正常（排程中） 對班:班名鍵精確/括號變體
72f4a923-5ac0-4183-bb70-bc64349ff3af,,,2026-04-26,14:00,15:15,預定,[2526排程CSV] 原狀態:正常（排程中） 對班:班名鍵精確/括號變體
72f4a923-5ac0-4183-bb70-bc64349ff3af,,,2026-04-19,14:00,15:15,預定,[2526排程CSV] 原狀態:正常（排程中） 對班:班名鍵精確/括號變體
70d314f5-7501-4b53-9067-33347f1733cd,,,2026-06-28,12:45,14:00,預定,[2526排程CSV] 原狀態:未有學生報讀 對班:班名鍵精確/括號變體
70d314f5-7501-4b53-9067-33347f1733cd,,,2026-06-21,12:45,14:00,預定,[2526排程CSV] 原狀態:未有學生報讀 對班:班名鍵精確/括號變體
70d314f5-7501-4b53-9067-33347f1733cd,,,2026-06-14,12:45,14:00,預定,[2526排程CSV] 原狀態:未有學生報讀 對班:班名鍵精確/括號變體
70d314f5-7501-4b53-9067-33347f1733cd,,,2026-06-07,12:45,14:00,預定,[2526排程CSV] 原狀態:未有學生報讀 對班:班名鍵精確/括號變體
70d314f5-7501-4b53-9067-33347f1733cd,,,2026-05-31,12:45,14:00,預定,[2526排程CSV] 原狀態:未有學生報讀 對班:班名鍵精確/括號變體
70d314f5-7501-4b53-9067-33347f1733cd,,,2026-05-24,12:45,14:00,預定,[2526排程CSV] 原狀態:未有學生報讀 對班:班名鍵精確/括號變體
70d314f5-7501-4b53-9067-33347f1733cd,,,2026-05-17,12:45,14:00,預定,[2526排程CSV] 原狀態:未有學生報讀 對班:班名鍵精確/括號變體
70d314f5-7501-4b53-9067-33347f1733cd,,,2026-05-10,12:45,14:00,預定,[2526排程CSV] 原狀態:未有學生報讀 對班:班名鍵精確/括號變體
70d314f5-7501-4b53-9067-33347f1733cd,,,2026-05-03,12:45,14:00,預定,[2526排程CSV] 原狀態:未有學生報讀 對班:班名鍵精確/括號變體
70d314f5-7501-4b53-9067-33347f1733cd,,,2026-04-26,12:45,14:00,預定,[2526排程CSV] 原狀態:未有學生報讀 對班:班名鍵精確/括號變體
70d314f5-7501-4b53-9067-33347f1733cd,,,2026-04-19,12:45,14:00,預定,[2526排程CSV] 原狀態:未有學生報讀 對班:班名鍵精確/括號變體
ca098a4d-5d95-4846-9598-d76f112dd6ea,,,2026-06-14,15:15,16:30,預定,[2526排程CSV] 原狀態:正常（排程中） 對班:班名鍵精確/括號變體
ca098a4d-5d95-4846-9598-d76f112dd6ea,,,2026-06-28,15:15,16:30,預定,[2526排程CSV] 原狀態:正常（排程中） 對班:班名鍵精確/括號變體
ca098a4d-5d95-4846-9598-d76f112dd6ea,,,2026-06-21,15:15,16:30,預定,[2526排程CSV] 原狀態:正常（排程中） 對班:班名鍵精確/括號變體
ca098a4d-5d95-4846-9598-d76f112dd6ea,,,2026-06-07,15:15,16:30,預定,[2526排程CSV] 原狀態:正常（排程中） 對班:班名鍵精確/括號變體
ca098a4d-5d95-4846-9598-d76f112dd6ea,,,2026-05-31,15:15,16:30,預定,[2526排程CSV] 原狀態:正常（排程中） 對班:班名鍵精確/括號變體
ca098a4d-5d95-4846-9598-d76f112dd6ea,,,2026-05-24,15:15,16:30,預定,[2526排程CSV] 原狀態:正常（排程中） 對班:班名鍵精確/括號變體
ca098a4d-5d95-4846-9598-d76f112dd6ea,,,2026-05-17,15:15,16:30,預定,[2526排程CSV] 原狀態:正常（排程中） 對班:班名鍵精確/括號變體
ca098a4d-5d95-4846-9598-d76f112dd6ea,,,2026-05-10,15:15,16:30,預定,[2526排程CSV] 原狀態:正常（排程中） 對班:班名鍵精確/括號變體
ca098a4d-5d95-4846-9598-d76f112dd6ea,,,2026-05-03,15:15,16:30,預定,[2526排程CSV] 原狀態:正常（排程中） 對班:班名鍵精確/括號變體
ca098a4d-5d95-4846-9598-d76f112dd6ea,,,2026-04-26,15:15,16:30,預定,[2526排程CSV] 原狀態:正常（排程中） 對班:班名鍵精確/括號變體
ca098a4d-5d95-4846-9598-d76f112dd6ea,,,2026-04-19,15:15,16:30,預定,[2526排程CSV] 原狀態:正常（排程中） 對班:班名鍵精確/括號變體
4f7902da-2259-40bf-af6a-87f3aaa40d68,,,2026-06-28,11:30,12:45,預定,[2526排程CSV] 原狀態:正常（排程中） 對班:班名鍵精確/括號變體
4f7902da-2259-40bf-af6a-87f3aaa40d68,,,2026-06-21,11:30,12:45,預定,[2526排程CSV] 原狀態:正常（排程中） 對班:班名鍵精確/括號變體
4f7902da-2259-40bf-af6a-87f3aaa40d68,,,2026-06-14,11:30,12:45,預定,[2526排程CSV] 原狀態:正常（排程中） 對班:班名鍵精確/括號變體
4f7902da-2259-40bf-af6a-87f3aaa40d68,,,2026-06-07,11:30,12:45,預定,[2526排程CSV] 原狀態:正常（排程中） 對班:班名鍵精確/括號變體
4f7902da-2259-40bf-af6a-87f3aaa40d68,,,2026-05-31,11:30,12:45,預定,[2526排程CSV] 原狀態:正常（排程中） 對班:班名鍵精確/括號變體
4f7902da-2259-40bf-af6a-87f3aaa40d68,,,2026-05-24,11:30,12:45,預定,[2526排程CSV] 原狀態:正常（排程中） 對班:班名鍵精確/括號變體
4f7902da-2259-40bf-af6a-87f3aaa40d68,,,2026-05-17,11:30,12:45,預定,[2526排程CSV] 原狀態:正常（排程中） 對班:班名鍵精確/括號變體
4f7902da-2259-40bf-af6a-87f3aaa40d68,,,2026-05-10,11:30,12:45,預定,[2526排程CSV] 原狀態:正常（排程中） 對班:班名鍵精確/括號變體
4f7902da-2259-40bf-af6a-87f3aaa40d68,,,2026-05-03,11:30,12:45,預定,[2526排程CSV] 原狀態:正常（排程中） 對班:班名鍵精確/括號變體
4f7902da-2259-40bf-af6a-87f3aaa40d68,,,2026-04-26,11:30,12:45,預定,[2526排程CSV] 原狀態:正常（排程中） 對班:班名鍵精確/括號變體
4f7902da-2259-40bf-af6a-87f3aaa40d68,,,2026-04-19,11:30,12:45,預定,[2526排程CSV] 原狀態:正常（排程中） 對班:班名鍵精確/括號變體
8e8dfabf-f571-4230-987a-53e717e9614a,,,2026-06-28,14:00,15:15,預定,[2526排程CSV] 原狀態:正常（排程中） 對班:班名鍵精確/括號變體
8e8dfabf-f571-4230-987a-53e717e9614a,,,2026-06-21,14:00,15:15,預定,[2526排程CSV] 原狀態:正常（排程中） 對班:班名鍵精確/括號變體
8e8dfabf-f571-4230-987a-53e717e9614a,,,2026-06-14,14:00,15:15,預定,[2526排程CSV] 原狀態:正常（排程中） 對班:班名鍵精確/括號變體
8e8dfabf-f571-4230-987a-53e717e9614a,,,2026-06-07,14:00,15:15,預定,[2526排程CSV] 原狀態:正常（排程中） 對班:班名鍵精確/括號變體
8e8dfabf-f571-4230-987a-53e717e9614a,,,2026-05-31,14:00,15:15,預定,[2526排程CSV] 原狀態:正常（排程中） 對班:班名鍵精確/括號變體
8e8dfabf-f571-4230-987a-53e717e9614a,,,2026-05-24,14:00,15:15,預定,[2526排程CSV] 原狀態:正常（排程中） 對班:班名鍵精確/括號變體
8e8dfabf-f571-4230-987a-53e717e9614a,,,2026-05-17,14:00,15:15,預定,[2526排程CSV] 原狀態:正常（排程中） 對班:班名鍵精確/括號變體
8e8dfabf-f571-4230-987a-53e717e9614a,,,2026-05-10,14:00,15:15,預定,[2526排程CSV] 原狀態:正常（排程中） 對班:班名鍵精確/括號變體
8e8dfabf-f571-4230-987a-53e717e9614a,,,2026-05-03,14:00,15:15,預定,[2526排程CSV] 原狀態:正常（排程中） 對班:班名鍵精確/括號變體
8e8dfabf-f571-4230-987a-53e717e9614a,,,2026-04-26,14:00,15:15,預定,[2526排程CSV] 原狀態:正常（排程中） 對班:班名鍵精確/括號變體
8e8dfabf-f571-4230-987a-53e717e9614a,,,2026-04-19,14:00,15:15,完成,[2526排程CSV] 原狀態:正常（已完成） 對班:班名鍵精確/括號變體
4a70c207-6093-44e7-9b53-5e4249b028ab,,,2026-06-28,10:15,11:30,預定,[2526排程CSV] 原狀態:未有學生報讀 對班:班名鍵精確/括號變體
4a70c207-6093-44e7-9b53-5e4249b028ab,,,2026-06-21,10:15,11:30,預定,[2526排程CSV] 原狀態:未有學生報讀 對班:班名鍵精確/括號變體
4a70c207-6093-44e7-9b53-5e4249b028ab,,,2026-06-14,10:15,11:30,預定,[2526排程CSV] 原狀態:未有學生報讀 對班:班名鍵精確/括號變體
4a70c207-6093-44e7-9b53-5e4249b028ab,,,2026-06-07,10:15,11:30,預定,[2526排程CSV] 原狀態:未有學生報讀 對班:班名鍵精確/括號變體
4a70c207-6093-44e7-9b53-5e4249b028ab,,,2026-05-31,10:15,11:30,預定,[2526排程CSV] 原狀態:未有學生報讀 對班:班名鍵精確/括號變體
4a70c207-6093-44e7-9b53-5e4249b028ab,,,2026-05-24,10:15,11:30,預定,[2526排程CSV] 原狀態:未有學生報讀 對班:班名鍵精確/括號變體
4a70c207-6093-44e7-9b53-5e4249b028ab,,,2026-05-17,10:15,11:30,預定,[2526排程CSV] 原狀態:未有學生報讀 對班:班名鍵精確/括號變體
4a70c207-6093-44e7-9b53-5e4249b028ab,,,2026-05-10,10:15,11:30,預定,[2526排程CSV] 原狀態:未有學生報讀 對班:班名鍵精確/括號變體
4a70c207-6093-44e7-9b53-5e4249b028ab,,,2026-05-03,10:15,11:30,預定,[2526排程CSV] 原狀態:未有學生報讀 對班:班名鍵精確/括號變體
4a70c207-6093-44e7-9b53-5e4249b028ab,,,2026-04-26,10:15,11:30,預定,[2526排程CSV] 原狀態:未有學生報讀 對班:班名鍵精確/括號變體
4a70c207-6093-44e7-9b53-5e4249b028ab,,,2026-04-19,10:15,11:30,預定,[2526排程CSV] 原狀態:未有學生報讀 對班:班名鍵精確/括號變體
1c610853-1733-40ad-90ed-5085baaea561,,,2026-06-28,15:15,16:30,預定,[2526排程CSV] 原狀態:正常（排程中） 對班:班名鍵精確/括號變體
1c610853-1733-40ad-90ed-5085baaea561,,,2026-06-21,15:15,16:30,預定,[2526排程CSV] 原狀態:正常（排程中） 對班:班名鍵精確/括號變體
1c610853-1733-40ad-90ed-5085baaea561,,,2026-06-14,15:15,16:30,預定,[2526排程CSV] 原狀態:正常（排程中） 對班:班名鍵精確/括號變體
1c610853-1733-40ad-90ed-5085baaea561,,,2026-06-07,15:15,16:30,預定,[2526排程CSV] 原狀態:正常（排程中） 對班:班名鍵精確/括號變體
1c610853-1733-40ad-90ed-5085baaea561,,,2026-05-31,15:15,16:30,預定,[2526排程CSV] 原狀態:正常（排程中） 對班:班名鍵精確/括號變體
1c610853-1733-40ad-90ed-5085baaea561,,,2026-05-24,15:15,16:30,預定,[2526排程CSV] 原狀態:正常（排程中） 對班:班名鍵精確/括號變體
1c610853-1733-40ad-90ed-5085baaea561,,,2026-05-17,15:15,16:30,預定,[2526排程CSV] 原狀態:正常（排程中） 對班:班名鍵精確/括號變體
1c610853-1733-40ad-90ed-5085baaea561,,,2026-05-10,15:15,16:30,預定,[2526排程CSV] 原狀態:正常（排程中） 對班:班名鍵精確/括號變體
1c610853-1733-40ad-90ed-5085baaea561,,,2026-05-03,15:15,16:30,預定,[2526排程CSV] 原狀態:正常（排程中） 對班:班名鍵精確/括號變體
1c610853-1733-40ad-90ed-5085baaea561,,,2026-04-26,15:15,16:30,預定,[2526排程CSV] 原狀態:正常（排程中） 對班:班名鍵精確/括號變體
1c610853-1733-40ad-90ed-5085baaea561,,,2026-04-19,15:15,16:30,完成,[2526排程CSV] 原狀態:正常（已完成） 對班:班名鍵精確/括號變體
1aad19f0-38ce-4787-9fbf-fa92d4774e0f,,,2026-06-28,10:15,11:30,預定,[2526排程CSV] 原狀態:正常（排程中） 對班:班名鍵精確/括號變體
1aad19f0-38ce-4787-9fbf-fa92d4774e0f,,,2026-06-21,10:15,11:30,預定,[2526排程CSV] 原狀態:正常（排程中） 對班:班名鍵精確/括號變體
1aad19f0-38ce-4787-9fbf-fa92d4774e0f,,,2026-06-14,10:15,11:30,預定,[2526排程CSV] 原狀態:正常（排程中） 對班:班名鍵精確/括號變體
1aad19f0-38ce-4787-9fbf-fa92d4774e0f,,,2026-06-07,10:15,11:30,預定,[2526排程CSV] 原狀態:正常（排程中） 對班:班名鍵精確/括號變體
1aad19f0-38ce-4787-9fbf-fa92d4774e0f,,,2026-05-31,10:15,11:30,預定,[2526排程CSV] 原狀態:正常（排程中） 對班:班名鍵精確/括號變體
1aad19f0-38ce-4787-9fbf-fa92d4774e0f,,,2026-05-24,10:15,11:30,預定,[2526排程CSV] 原狀態:正常（排程中） 對班:班名鍵精確/括號變體
1aad19f0-38ce-4787-9fbf-fa92d4774e0f,,,2026-05-17,10:15,11:30,預定,[2526排程CSV] 原狀態:正常（排程中） 對班:班名鍵精確/括號變體
1aad19f0-38ce-4787-9fbf-fa92d4774e0f,,,2026-05-10,10:15,11:30,預定,[2526排程CSV] 原狀態:正常（排程中） 對班:班名鍵精確/括號變體
1aad19f0-38ce-4787-9fbf-fa92d4774e0f,,,2026-05-03,10:15,11:30,預定,[2526排程CSV] 原狀態:正常（排程中） 對班:班名鍵精確/括號變體
1aad19f0-38ce-4787-9fbf-fa92d4774e0f,,,2026-04-26,10:15,11:30,預定,[2526排程CSV] 原狀態:正常（排程中） 對班:班名鍵精確/括號變體
1aad19f0-38ce-4787-9fbf-fa92d4774e0f,,,2026-04-26,11:30,12:45,預定,[2526排程CSV] 原狀態:正常（排程中） 對班:班名鍵精確/括號變體
1aad19f0-38ce-4787-9fbf-fa92d4774e0f,,,2026-05-03,11:30,12:45,預定,[2526排程CSV] 原狀態:正常（排程中） 對班:班名鍵精確/括號變體
1aad19f0-38ce-4787-9fbf-fa92d4774e0f,,,2026-05-10,11:30,12:45,預定,[2526排程CSV] 原狀態:正常（排程中） 對班:班名鍵精確/括號變體
1aad19f0-38ce-4787-9fbf-fa92d4774e0f,,,2026-05-17,11:30,12:45,預定,[2526排程CSV] 原狀態:正常（排程中） 對班:班名鍵精確/括號變體
1aad19f0-38ce-4787-9fbf-fa92d4774e0f,,,2026-05-24,11:30,12:45,預定,[2526排程CSV] 原狀態:正常（排程中） 對班:班名鍵精確/括號變體
1aad19f0-38ce-4787-9fbf-fa92d4774e0f,,,2026-05-31,11:30,12:45,預定,[2526排程CSV] 原狀態:正常（排程中） 對班:班名鍵精確/括號變體
1aad19f0-38ce-4787-9fbf-fa92d4774e0f,,,2026-06-07,11:30,12:45,預定,[2526排程CSV] 原狀態:正常（排程中） 對班:班名鍵精確/括號變體
1aad19f0-38ce-4787-9fbf-fa92d4774e0f,,,2026-06-14,11:30,12:45,預定,[2526排程CSV] 原狀態:正常（排程中） 對班:班名鍵精確/括號變體
1aad19f0-38ce-4787-9fbf-fa92d4774e0f,,,2026-06-21,11:30,12:45,預定,[2526排程CSV] 原狀態:正常（排程中） 對班:班名鍵精確/括號變體
1aad19f0-38ce-4787-9fbf-fa92d4774e0f,,,2026-06-28,11:30,12:45,預定,[2526排程CSV] 原狀態:正常（排程中） 對班:班名鍵精確/括號變體
5142c9f1-a369-4ed4-a1bf-042d0f49b65b,,,2026-06-28,15:15,16:30,預定,[2526排程CSV] 原狀態:正常（排程中） 對班:soft_match(95)
5142c9f1-a369-4ed4-a1bf-042d0f49b65b,,,2026-06-21,15:15,16:30,預定,[2526排程CSV] 原狀態:正常（排程中） 對班:soft_match(95)
5142c9f1-a369-4ed4-a1bf-042d0f49b65b,,,2026-06-14,15:15,16:30,預定,[2526排程CSV] 原狀態:正常（排程中） 對班:soft_match(95)
5142c9f1-a369-4ed4-a1bf-042d0f49b65b,,,2026-06-07,15:15,16:30,預定,[2526排程CSV] 原狀態:正常（排程中） 對班:soft_match(95)
5142c9f1-a369-4ed4-a1bf-042d0f49b65b,,,2026-05-31,15:15,16:30,預定,[2526排程CSV] 原狀態:正常（排程中） 對班:soft_match(95)
5142c9f1-a369-4ed4-a1bf-042d0f49b65b,,,2026-05-24,15:15,16:30,預定,[2526排程CSV] 原狀態:正常（排程中） 對班:soft_match(95)
5142c9f1-a369-4ed4-a1bf-042d0f49b65b,,,2026-05-17,15:15,16:30,預定,[2526排程CSV] 原狀態:正常（排程中） 對班:soft_match(95)
5142c9f1-a369-4ed4-a1bf-042d0f49b65b,,,2026-05-10,15:15,16:30,預定,[2526排程CSV] 原狀態:正常（排程中） 對班:soft_match(95)
5142c9f1-a369-4ed4-a1bf-042d0f49b65b,,,2026-05-03,15:15,16:30,預定,[2526排程CSV] 原狀態:正常（排程中） 對班:soft_match(95)
5142c9f1-a369-4ed4-a1bf-042d0f49b65b,,,2026-04-26,15:15,16:30,預定,[2526排程CSV] 原狀態:正常（排程中） 對班:soft_match(95)
5142c9f1-a369-4ed4-a1bf-042d0f49b65b,,,2026-04-19,15:15,16:30,預定,[2526排程CSV] 原狀態:正常（排程中） 對班:soft_match(95)
43c054d8-e240-48f5-b386-c597ae30ca7d,,,2026-06-28,14:00,15:15,預定,[2526排程CSV] 原狀態:正常（排程中） 對班:班名鍵精確/括號變體
43c054d8-e240-48f5-b386-c597ae30ca7d,,,2026-06-21,14:00,15:15,預定,[2526排程CSV] 原狀態:正常（排程中） 對班:班名鍵精確/括號變體
43c054d8-e240-48f5-b386-c597ae30ca7d,,,2026-06-14,14:00,15:15,預定,[2526排程CSV] 原狀態:正常（排程中） 對班:班名鍵精確/括號變體
43c054d8-e240-48f5-b386-c597ae30ca7d,,,2026-06-07,14:00,15:15,預定,[2526排程CSV] 原狀態:正常（排程中） 對班:班名鍵精確/括號變體
43c054d8-e240-48f5-b386-c597ae30ca7d,,,2026-05-31,14:00,15:15,預定,[2526排程CSV] 原狀態:正常（排程中） 對班:班名鍵精確/括號變體
43c054d8-e240-48f5-b386-c597ae30ca7d,,,2026-05-24,14:00,15:15,預定,[2526排程CSV] 原狀態:正常（排程中） 對班:班名鍵精確/括號變體
43c054d8-e240-48f5-b386-c597ae30ca7d,,,2026-05-17,14:00,15:15,預定,[2526排程CSV] 原狀態:正常（排程中） 對班:班名鍵精確/括號變體
43c054d8-e240-48f5-b386-c597ae30ca7d,,,2026-05-10,14:00,15:15,預定,[2526排程CSV] 原狀態:正常（排程中） 對班:班名鍵精確/括號變體
43c054d8-e240-48f5-b386-c597ae30ca7d,,,2026-05-03,14:00,15:15,預定,[2526排程CSV] 原狀態:正常（排程中） 對班:班名鍵精確/括號變體
43c054d8-e240-48f5-b386-c597ae30ca7d,,,2026-04-26,14:00,15:15,預定,[2526排程CSV] 原狀態:正常（排程中） 對班:班名鍵精確/括號變體
43c054d8-e240-48f5-b386-c597ae30ca7d,,,2026-04-19,14:00,15:15,預定,[2526排程CSV] 原狀態:正常（排程中） 對班:班名鍵精確/括號變體
f3f6f42a-90e4-4bf2-b92b-3f12416db9f3,,,2026-06-28,16:30,17:45,預定,[2526排程CSV] 原狀態:正常（排程中） 對班:soft_match(115)
f3f6f42a-90e4-4bf2-b92b-3f12416db9f3,,,2026-06-21,16:30,17:45,預定,[2526排程CSV] 原狀態:正常（排程中） 對班:soft_match(115)
f3f6f42a-90e4-4bf2-b92b-3f12416db9f3,,,2026-06-14,16:30,17:45,預定,[2526排程CSV] 原狀態:正常（排程中） 對班:soft_match(115)
f3f6f42a-90e4-4bf2-b92b-3f12416db9f3,,,2026-06-07,16:30,17:45,預定,[2526排程CSV] 原狀態:正常（排程中） 對班:soft_match(115)
f3f6f42a-90e4-4bf2-b92b-3f12416db9f3,,,2026-05-31,16:30,17:45,預定,[2526排程CSV] 原狀態:正常（排程中） 對班:soft_match(115)
f3f6f42a-90e4-4bf2-b92b-3f12416db9f3,,,2026-05-24,16:30,17:45,預定,[2526排程CSV] 原狀態:正常（排程中） 對班:soft_match(115)
f3f6f42a-90e4-4bf2-b92b-3f12416db9f3,,,2026-05-17,16:30,17:45,預定,[2526排程CSV] 原狀態:正常（排程中） 對班:soft_match(115)
f3f6f42a-90e4-4bf2-b92b-3f12416db9f3,,,2026-05-10,16:30,17:45,預定,[2526排程CSV] 原狀態:正常（排程中） 對班:soft_match(115)
f3f6f42a-90e4-4bf2-b92b-3f12416db9f3,,,2026-05-03,16:30,17:45,預定,[2526排程CSV] 原狀態:正常（排程中） 對班:soft_match(115)
f3f6f42a-90e4-4bf2-b92b-3f12416db9f3,,,2026-04-26,16:30,17:45,預定,[2526排程CSV] 原狀態:正常（排程中） 對班:soft_match(115)
f3f6f42a-90e4-4bf2-b92b-3f12416db9f3,,,2026-04-19,16:30,17:45,預定,[2526排程CSV] 原狀態:正常（排程中） 對班:soft_match(115)
730ca500-137f-4c89-86d1-c835bd0c0273,,,2026-06-28,12:45,14:00,預定,[2526排程CSV] 原狀態:正常（排程中） 對班:班名鍵精確/括號變體
730ca500-137f-4c89-86d1-c835bd0c0273,,,2026-06-21,12:45,14:00,預定,[2526排程CSV] 原狀態:正常（排程中） 對班:班名鍵精確/括號變體
730ca500-137f-4c89-86d1-c835bd0c0273,,,2026-06-14,12:45,14:00,預定,[2526排程CSV] 原狀態:正常（排程中） 對班:班名鍵精確/括號變體
730ca500-137f-4c89-86d1-c835bd0c0273,,,2026-06-07,12:45,14:00,預定,[2526排程CSV] 原狀態:正常（排程中） 對班:班名鍵精確/括號變體
730ca500-137f-4c89-86d1-c835bd0c0273,,,2026-05-31,12:45,14:00,預定,[2526排程CSV] 原狀態:正常（排程中） 對班:班名鍵精確/括號變體
730ca500-137f-4c89-86d1-c835bd0c0273,,,2026-05-24,12:45,14:00,預定,[2526排程CSV] 原狀態:正常（排程中） 對班:班名鍵精確/括號變體
730ca500-137f-4c89-86d1-c835bd0c0273,,,2026-05-17,12:45,14:00,預定,[2526排程CSV] 原狀態:正常（排程中） 對班:班名鍵精確/括號變體
730ca500-137f-4c89-86d1-c835bd0c0273,,,2026-05-10,12:45,14:00,預定,[2526排程CSV] 原狀態:正常（排程中） 對班:班名鍵精確/括號變體
730ca500-137f-4c89-86d1-c835bd0c0273,,,2026-05-03,12:45,14:00,預定,[2526排程CSV] 原狀態:正常（排程中） 對班:班名鍵精確/括號變體
730ca500-137f-4c89-86d1-c835bd0c0273,,,2026-04-26,12:45,14:00,預定,[2526排程CSV] 原狀態:正常（排程中） 對班:班名鍵精確/括號變體
529c3dc8-81dd-44e2-a849-061c93f73d0b,,,2026-06-28,10:15,11:30,預定,[2526排程CSV] 原狀態:正常（排程中） 對班:班名鍵精確/括號變體
529c3dc8-81dd-44e2-a849-061c93f73d0b,,,2026-06-21,10:15,11:30,預定,[2526排程CSV] 原狀態:正常（排程中） 對班:班名鍵精確/括號變體
529c3dc8-81dd-44e2-a849-061c93f73d0b,,,2026-06-14,10:15,11:30,預定,[2526排程CSV] 原狀態:正常（排程中） 對班:班名鍵精確/括號變體
529c3dc8-81dd-44e2-a849-061c93f73d0b,,,2026-06-07,10:15,11:30,預定,[2526排程CSV] 原狀態:正常（排程中） 對班:班名鍵精確/括號變體
529c3dc8-81dd-44e2-a849-061c93f73d0b,,,2026-05-31,10:15,11:30,預定,[2526排程CSV] 原狀態:正常（排程中） 對班:班名鍵精確/括號變體
529c3dc8-81dd-44e2-a849-061c93f73d0b,,,2026-05-24,10:15,11:30,預定,[2526排程CSV] 原狀態:正常（排程中） 對班:班名鍵精確/括號變體
529c3dc8-81dd-44e2-a849-061c93f73d0b,,,2026-05-17,10:15,11:30,預定,[2526排程CSV] 原狀態:正常（排程中） 對班:班名鍵精確/括號變體
529c3dc8-81dd-44e2-a849-061c93f73d0b,,,2026-05-10,10:15,11:30,預定,[2526排程CSV] 原狀態:正常（排程中） 對班:班名鍵精確/括號變體
529c3dc8-81dd-44e2-a849-061c93f73d0b,,,2026-05-03,10:15,11:30,預定,[2526排程CSV] 原狀態:正常（排程中） 對班:班名鍵精確/括號變體
529c3dc8-81dd-44e2-a849-061c93f73d0b,,,2026-04-26,10:15,11:30,預定,[2526排程CSV] 原狀態:正常（排程中） 對班:班名鍵精確/括號變體
529c3dc8-81dd-44e2-a849-061c93f73d0b,,,2026-04-19,10:15,11:30,完成,[2526排程CSV] 原狀態:正常（已完成） 對班:班名鍵精確/括號變體
2e46f56e-0265-4fae-84ff-5679015d5dba,,,2026-05-03,16:30,17:45,預定,[2526排程CSV] 原狀態:正常（排程中） 對班:班名鍵精確/括號變體
2e46f56e-0265-4fae-84ff-5679015d5dba,,,2026-04-26,16:30,17:45,預定,[2526排程CSV] 原狀態:正常（排程中） 對班:班名鍵精確/括號變體
2e46f56e-0265-4fae-84ff-5679015d5dba,,,2026-04-19,16:30,17:45,預定,[2526排程CSV] 原狀態:正常（排程中） 對班:班名鍵精確/括號變體
d3bbaf3f-9465-443a-8507-19456e2e86c0,,,2026-06-30,17:45,19:00,預定,[2526排程CSV] 原狀態:未有學生報讀 對班:班名鍵精確/括號變體
d3bbaf3f-9465-443a-8507-19456e2e86c0,,,2026-06-23,17:45,19:00,預定,[2526排程CSV] 原狀態:未有學生報讀 對班:班名鍵精確/括號變體
d3bbaf3f-9465-443a-8507-19456e2e86c0,,,2026-06-16,17:45,19:00,預定,[2526排程CSV] 原狀態:未有學生報讀 對班:班名鍵精確/括號變體
d3bbaf3f-9465-443a-8507-19456e2e86c0,,,2026-06-09,17:45,19:00,預定,[2526排程CSV] 原狀態:未有學生報讀 對班:班名鍵精確/括號變體
d3bbaf3f-9465-443a-8507-19456e2e86c0,,,2026-06-02,17:45,19:00,預定,[2526排程CSV] 原狀態:未有學生報讀 對班:班名鍵精確/括號變體
d3bbaf3f-9465-443a-8507-19456e2e86c0,,,2026-05-26,17:45,19:00,預定,[2526排程CSV] 原狀態:未有學生報讀 對班:班名鍵精確/括號變體
d3bbaf3f-9465-443a-8507-19456e2e86c0,,,2026-05-19,17:45,19:00,預定,[2526排程CSV] 原狀態:未有學生報讀 對班:班名鍵精確/括號變體
d3bbaf3f-9465-443a-8507-19456e2e86c0,,,2026-05-12,17:45,19:00,預定,[2526排程CSV] 原狀態:未有學生報讀 對班:班名鍵精確/括號變體
d3bbaf3f-9465-443a-8507-19456e2e86c0,,,2026-05-05,17:45,19:00,預定,[2526排程CSV] 原狀態:未有學生報讀 對班:班名鍵精確/括號變體
d3bbaf3f-9465-443a-8507-19456e2e86c0,,,2026-04-28,17:45,19:00,預定,[2526排程CSV] 原狀態:未有學生報讀 對班:班名鍵精確/括號變體
d3bbaf3f-9465-443a-8507-19456e2e86c0,,,2026-04-21,17:45,19:00,預定,[2526排程CSV] 原狀態:未有學生報讀 對班:班名鍵精確/括號變體
fddf4208-e790-4c4c-9091-f749875224e6,,,2026-06-30,16:30,17:45,預定,[2526排程CSV] 原狀態:未有學生報讀 對班:班名鍵精確/括號變體
fddf4208-e790-4c4c-9091-f749875224e6,,,2026-06-23,16:30,17:45,預定,[2526排程CSV] 原狀態:未有學生報讀 對班:班名鍵精確/括號變體
fddf4208-e790-4c4c-9091-f749875224e6,,,2026-06-16,16:30,17:45,預定,[2526排程CSV] 原狀態:未有學生報讀 對班:班名鍵精確/括號變體
fddf4208-e790-4c4c-9091-f749875224e6,,,2026-06-09,16:30,17:45,預定,[2526排程CSV] 原狀態:未有學生報讀 對班:班名鍵精確/括號變體
fddf4208-e790-4c4c-9091-f749875224e6,,,2026-06-02,16:30,17:45,預定,[2526排程CSV] 原狀態:未有學生報讀 對班:班名鍵精確/括號變體
fddf4208-e790-4c4c-9091-f749875224e6,,,2026-05-26,16:30,17:45,預定,[2526排程CSV] 原狀態:未有學生報讀 對班:班名鍵精確/括號變體
fddf4208-e790-4c4c-9091-f749875224e6,,,2026-05-19,16:30,17:45,預定,[2526排程CSV] 原狀態:未有學生報讀 對班:班名鍵精確/括號變體
fddf4208-e790-4c4c-9091-f749875224e6,,,2026-05-12,16:30,17:45,預定,[2526排程CSV] 原狀態:未有學生報讀 對班:班名鍵精確/括號變體
fddf4208-e790-4c4c-9091-f749875224e6,,,2026-05-05,16:30,17:45,預定,[2526排程CSV] 原狀態:未有學生報讀 對班:班名鍵精確/括號變體
fddf4208-e790-4c4c-9091-f749875224e6,,,2026-04-28,16:30,17:45,預定,[2526排程CSV] 原狀態:未有學生報讀 對班:班名鍵精確/括號變體
fddf4208-e790-4c4c-9091-f749875224e6,,,2026-04-21,16:30,17:45,預定,[2526排程CSV] 原狀態:未有學生報讀 對班:班名鍵精確/括號變體
68e5db0d-0d0d-4b30-8b5c-24f9b3f56f73,,,2026-06-27,14:00,15:15,預定,[2526排程CSV] 原狀態:正常（排程中） 對班:soft_match(95)
68e5db0d-0d0d-4b30-8b5c-24f9b3f56f73,,,2026-06-20,14:00,15:15,預定,[2526排程CSV] 原狀態:正常（排程中） 對班:soft_match(95)
68e5db0d-0d0d-4b30-8b5c-24f9b3f56f73,,,2026-06-13,14:00,15:15,預定,[2526排程CSV] 原狀態:正常（排程中） 對班:soft_match(95)
68e5db0d-0d0d-4b30-8b5c-24f9b3f56f73,,,2026-06-06,14:00,15:15,預定,[2526排程CSV] 原狀態:正常（排程中） 對班:soft_match(95)
68e5db0d-0d0d-4b30-8b5c-24f9b3f56f73,,,2026-05-30,14:00,15:15,預定,[2526排程CSV] 原狀態:正常（排程中） 對班:soft_match(95)
68e5db0d-0d0d-4b30-8b5c-24f9b3f56f73,,,2026-05-23,14:00,15:15,預定,[2526排程CSV] 原狀態:正常（排程中） 對班:soft_match(95)
68e5db0d-0d0d-4b30-8b5c-24f9b3f56f73,,,2026-05-16,14:00,15:15,預定,[2526排程CSV] 原狀態:正常（排程中） 對班:soft_match(95)
68e5db0d-0d0d-4b30-8b5c-24f9b3f56f73,,,2026-05-09,14:00,15:15,預定,[2526排程CSV] 原狀態:正常（排程中） 對班:soft_match(95)
68e5db0d-0d0d-4b30-8b5c-24f9b3f56f73,,,2026-05-02,14:00,15:15,預定,[2526排程CSV] 原狀態:正常（排程中） 對班:soft_match(95)
68e5db0d-0d0d-4b30-8b5c-24f9b3f56f73,,,2026-04-25,14:00,15:15,預定,[2526排程CSV] 原狀態:正常（排程中） 對班:soft_match(95)
68e5db0d-0d0d-4b30-8b5c-24f9b3f56f73,,,2026-04-18,14:00,15:15,預定,[2526排程CSV] 原狀態:正常（排程中） 對班:soft_match(95)
51696dbe-1d38-4112-9859-29ecb25d5a6d,,,2026-06-24,19:00,20:15,預定,[2526排程CSV] 原狀態:正常（排程中） 對班:soft_match(95)
51696dbe-1d38-4112-9859-29ecb25d5a6d,,,2026-06-17,19:00,20:15,預定,[2526排程CSV] 原狀態:正常（排程中） 對班:soft_match(95)
51696dbe-1d38-4112-9859-29ecb25d5a6d,,,2026-06-10,19:00,20:15,預定,[2526排程CSV] 原狀態:正常（排程中） 對班:soft_match(95)
51696dbe-1d38-4112-9859-29ecb25d5a6d,,,2026-06-03,19:00,20:15,預定,[2526排程CSV] 原狀態:正常（排程中） 對班:soft_match(95)
51696dbe-1d38-4112-9859-29ecb25d5a6d,,,2026-05-27,19:00,20:15,預定,[2526排程CSV] 原狀態:正常（排程中） 對班:soft_match(95)
51696dbe-1d38-4112-9859-29ecb25d5a6d,,,2026-05-20,19:00,20:15,預定,[2526排程CSV] 原狀態:正常（排程中） 對班:soft_match(95)
51696dbe-1d38-4112-9859-29ecb25d5a6d,,,2026-05-13,19:00,20:15,預定,[2526排程CSV] 原狀態:正常（排程中） 對班:soft_match(95)
51696dbe-1d38-4112-9859-29ecb25d5a6d,,,2026-05-06,19:00,20:15,預定,[2526排程CSV] 原狀態:正常（排程中） 對班:soft_match(95)
51696dbe-1d38-4112-9859-29ecb25d5a6d,,,2026-04-29,19:00,20:15,預定,[2526排程CSV] 原狀態:正常（排程中） 對班:soft_match(95)
51696dbe-1d38-4112-9859-29ecb25d5a6d,,,2026-04-22,19:00,20:15,預定,[2526排程CSV] 原狀態:正常（排程中） 對班:soft_match(95)
d3bbaf3f-9465-443a-8507-19456e2e86c0,,,2026-06-27,12:45,14:00,預定,[2526排程CSV] 原狀態:正常（排程中） 對班:班名鍵精確/括號變體
d3bbaf3f-9465-443a-8507-19456e2e86c0,,,2026-06-20,12:45,14:00,預定,[2526排程CSV] 原狀態:正常（排程中） 對班:班名鍵精確/括號變體
d3bbaf3f-9465-443a-8507-19456e2e86c0,,,2026-06-13,12:45,14:00,預定,[2526排程CSV] 原狀態:正常（排程中） 對班:班名鍵精確/括號變體
d3bbaf3f-9465-443a-8507-19456e2e86c0,,,2026-06-06,12:45,14:00,預定,[2526排程CSV] 原狀態:正常（排程中） 對班:班名鍵精確/括號變體
d3bbaf3f-9465-443a-8507-19456e2e86c0,,,2026-05-30,12:45,14:00,預定,[2526排程CSV] 原狀態:正常（排程中） 對班:班名鍵精確/括號變體
d3bbaf3f-9465-443a-8507-19456e2e86c0,,,2026-05-23,12:45,14:00,預定,[2526排程CSV] 原狀態:正常（排程中） 對班:班名鍵精確/括號變體
d3bbaf3f-9465-443a-8507-19456e2e86c0,,,2026-05-16,12:45,14:00,預定,[2526排程CSV] 原狀態:正常（排程中） 對班:班名鍵精確/括號變體
d3bbaf3f-9465-443a-8507-19456e2e86c0,,,2026-05-09,12:45,14:00,預定,[2526排程CSV] 原狀態:正常（排程中） 對班:班名鍵精確/括號變體
d3bbaf3f-9465-443a-8507-19456e2e86c0,,,2026-05-02,12:45,14:00,預定,[2526排程CSV] 原狀態:正常（排程中） 對班:班名鍵精確/括號變體
d3bbaf3f-9465-443a-8507-19456e2e86c0,,,2026-04-25,12:45,14:00,預定,[2526排程CSV] 原狀態:正常（排程中） 對班:班名鍵精確/括號變體
d3bbaf3f-9465-443a-8507-19456e2e86c0,,,2026-04-18,12:45,14:00,預定,[2526排程CSV] 原狀態:正常（排程中） 對班:班名鍵精確/括號變體
acc8f2a0-e390-4569-bd1c-494cc176fb84,,,2026-06-27,15:15,16:30,預定,[2526排程CSV] 原狀態:正常（排程中） 對班:soft_match(115)
acc8f2a0-e390-4569-bd1c-494cc176fb84,,,2026-06-20,15:15,16:30,預定,[2526排程CSV] 原狀態:正常（排程中） 對班:soft_match(115)
acc8f2a0-e390-4569-bd1c-494cc176fb84,,,2026-06-13,15:15,16:30,預定,[2526排程CSV] 原狀態:正常（排程中） 對班:soft_match(115)
acc8f2a0-e390-4569-bd1c-494cc176fb84,,,2026-06-06,15:15,16:30,預定,[2526排程CSV] 原狀態:正常（排程中） 對班:soft_match(115)
acc8f2a0-e390-4569-bd1c-494cc176fb84,,,2026-05-30,15:15,16:30,預定,[2526排程CSV] 原狀態:正常（排程中） 對班:soft_match(115)
acc8f2a0-e390-4569-bd1c-494cc176fb84,,,2026-05-23,15:15,16:30,預定,[2526排程CSV] 原狀態:正常（排程中） 對班:soft_match(115)
acc8f2a0-e390-4569-bd1c-494cc176fb84,,,2026-05-16,15:15,16:30,預定,[2526排程CSV] 原狀態:正常（排程中） 對班:soft_match(115)
acc8f2a0-e390-4569-bd1c-494cc176fb84,,,2026-05-09,15:15,16:30,預定,[2526排程CSV] 原狀態:正常（排程中） 對班:soft_match(115)
acc8f2a0-e390-4569-bd1c-494cc176fb84,,,2026-05-02,15:15,16:30,預定,[2526排程CSV] 原狀態:正常（排程中） 對班:soft_match(115)
acc8f2a0-e390-4569-bd1c-494cc176fb84,,,2026-04-25,15:15,16:30,預定,[2526排程CSV] 原狀態:正常（排程中） 對班:soft_match(115)
acc8f2a0-e390-4569-bd1c-494cc176fb84,,,2026-04-18,15:15,16:30,完成,[2526排程CSV] 原狀態:正常（已完成） 對班:soft_match(115)
4b932585-aee6-4d85-8d4f-53045a4ffdb5,,,2026-06-05,16:30,17:45,預定,[2526排程CSV] 原狀態:正常（排程中） 對班:班名鍵精確/括號變體
4b932585-aee6-4d85-8d4f-53045a4ffdb5,,,2026-06-12,16:30,17:45,預定,[2526排程CSV] 原狀態:正常（排程中） 對班:班名鍵精確/括號變體
4b932585-aee6-4d85-8d4f-53045a4ffdb5,,,2026-06-19,16:30,17:45,預定,[2526排程CSV] 原狀態:正常（排程中） 對班:班名鍵精確/括號變體
4b932585-aee6-4d85-8d4f-53045a4ffdb5,,,2026-06-26,16:30,17:45,預定,[2526排程CSV] 原狀態:正常（排程中） 對班:班名鍵精確/括號變體
4b932585-aee6-4d85-8d4f-53045a4ffdb5,,,2026-05-15,16:30,17:45,預定,[2526排程CSV] 原狀態:正常（排程中） 對班:班名鍵精確/括號變體
4b932585-aee6-4d85-8d4f-53045a4ffdb5,,,2026-05-22,16:30,17:45,預定,[2526排程CSV] 原狀態:正常（排程中） 對班:班名鍵精確/括號變體
4b932585-aee6-4d85-8d4f-53045a4ffdb5,,,2026-05-29,16:30,17:45,預定,[2526排程CSV] 原狀態:正常（排程中） 對班:班名鍵精確/括號變體
4b932585-aee6-4d85-8d4f-53045a4ffdb5,,,2026-04-24,16:30,17:45,預定,[2526排程CSV] 原狀態:正常（排程中） 對班:班名鍵精確/括號變體
4b932585-aee6-4d85-8d4f-53045a4ffdb5,,,2026-05-01,16:30,17:45,預定,[2526排程CSV] 原狀態:正常（排程中） 對班:班名鍵精確/括號變體
4b932585-aee6-4d85-8d4f-53045a4ffdb5,,,2026-05-08,16:30,17:45,預定,[2526排程CSV] 原狀態:正常（排程中） 對班:班名鍵精確/括號變體
93560085-b304-4169-b604-0cc96af25cc8,,,2026-04-17,19:15,20:30,完成,[2526排程CSV] 原狀態:正常（已完成） 對班:班名鍵精確/括號變體
93560085-b304-4169-b604-0cc96af25cc8,,,2026-04-24,19:15,20:30,預定,[2526排程CSV] 原狀態:正常（排程中） 對班:班名鍵精確/括號變體
93560085-b304-4169-b604-0cc96af25cc8,,,2026-05-01,19:15,20:30,預定,[2526排程CSV] 原狀態:正常（排程中） 對班:班名鍵精確/括號變體
93560085-b304-4169-b604-0cc96af25cc8,,,2026-05-08,19:15,20:30,預定,[2526排程CSV] 原狀態:正常（排程中） 對班:班名鍵精確/括號變體
93560085-b304-4169-b604-0cc96af25cc8,,,2026-05-15,19:15,20:30,預定,[2526排程CSV] 原狀態:正常（排程中） 對班:班名鍵精確/括號變體
93560085-b304-4169-b604-0cc96af25cc8,,,2026-05-22,19:15,20:30,預定,[2526排程CSV] 原狀態:正常（排程中） 對班:班名鍵精確/括號變體
93560085-b304-4169-b604-0cc96af25cc8,,,2026-05-29,19:15,20:30,預定,[2526排程CSV] 原狀態:正常（排程中） 對班:班名鍵精確/括號變體
93560085-b304-4169-b604-0cc96af25cc8,,,2026-06-05,19:15,20:30,預定,[2526排程CSV] 原狀態:正常（排程中） 對班:班名鍵精確/括號變體
93560085-b304-4169-b604-0cc96af25cc8,,,2026-06-12,19:15,20:30,預定,[2526排程CSV] 原狀態:正常（排程中） 對班:班名鍵精確/括號變體
93560085-b304-4169-b604-0cc96af25cc8,,,2026-06-19,19:15,20:30,預定,[2526排程CSV] 原狀態:正常（排程中） 對班:班名鍵精確/括號變體
93560085-b304-4169-b604-0cc96af25cc8,,,2026-06-26,19:15,20:30,預定,[2526排程CSV] 原狀態:正常（排程中） 對班:班名鍵精確/括號變體
4afcd2a6-b089-4010-b02c-8d36924eaebb,,,2026-04-19,17:45,19:00,預定,[2526排程CSV] 原狀態:正常（排程中） 對班:soft_match(60)
4afcd2a6-b089-4010-b02c-8d36924eaebb,,,2026-04-26,17:45,19:00,預定,[2526排程CSV] 原狀態:正常（排程中） 對班:soft_match(60)
4afcd2a6-b089-4010-b02c-8d36924eaebb,,,2026-05-03,17:45,19:00,預定,[2526排程CSV] 原狀態:正常（排程中） 對班:soft_match(60)
4afcd2a6-b089-4010-b02c-8d36924eaebb,,,2026-05-10,17:45,19:00,預定,[2526排程CSV] 原狀態:正常（排程中） 對班:soft_match(60)
4afcd2a6-b089-4010-b02c-8d36924eaebb,,,2026-05-17,17:45,19:00,預定,[2526排程CSV] 原狀態:正常（排程中） 對班:soft_match(60)
4afcd2a6-b089-4010-b02c-8d36924eaebb,,,2026-05-24,17:45,19:00,預定,[2526排程CSV] 原狀態:正常（排程中） 對班:soft_match(60)
4afcd2a6-b089-4010-b02c-8d36924eaebb,,,2026-05-31,17:45,19:00,預定,[2526排程CSV] 原狀態:正常（排程中） 對班:soft_match(60)
4afcd2a6-b089-4010-b02c-8d36924eaebb,,,2026-06-07,17:45,19:00,預定,[2526排程CSV] 原狀態:正常（排程中） 對班:soft_match(60)
4afcd2a6-b089-4010-b02c-8d36924eaebb,,,2026-06-14,17:45,19:00,預定,[2526排程CSV] 原狀態:正常（排程中） 對班:soft_match(60)
4afcd2a6-b089-4010-b02c-8d36924eaebb,,,2026-06-21,17:45,19:00,預定,[2526排程CSV] 原狀態:正常（排程中） 對班:soft_match(60)
4afcd2a6-b089-4010-b02c-8d36924eaebb,,,2026-06-28,17:45,19:00,預定,[2526排程CSV] 原狀態:正常（排程中） 對班:soft_match(60)
6ee1adfc-32ce-4d14-80e8-71421fbc1692,,,2026-05-03,10:15,11:30,預定,[2526排程CSV] 原狀態:正常（排程中） 對班:班名鍵精確/括號變體
6ee1adfc-32ce-4d14-80e8-71421fbc1692,,,2026-05-10,10:15,11:30,預定,[2526排程CSV] 原狀態:正常（排程中） 對班:班名鍵精確/括號變體
6ee1adfc-32ce-4d14-80e8-71421fbc1692,,,2026-04-26,10:15,11:30,預定,[2526排程CSV] 原狀態:正常（排程中） 對班:班名鍵精確/括號變體
6ee1adfc-32ce-4d14-80e8-71421fbc1692,,,2026-04-19,10:15,11:30,預定,[2526排程CSV] 原狀態:正常（排程中） 對班:班名鍵精確/括號變體
717fc491-c5c3-4e59-a48a-ecaf23d168b5,,,2026-04-21,16:30,17:45,完成,[2526排程CSV] 原狀態:正常（已完成） 對班:soft_match(80)
717fc491-c5c3-4e59-a48a-ecaf23d168b5,,,2026-04-28,16:30,17:45,預定,[2526排程CSV] 原狀態:正常（排程中） 對班:soft_match(80)
717fc491-c5c3-4e59-a48a-ecaf23d168b5,,,2026-05-05,16:30,17:45,預定,[2526排程CSV] 原狀態:正常（排程中） 對班:soft_match(80)
717fc491-c5c3-4e59-a48a-ecaf23d168b5,,,2026-05-12,16:30,17:45,預定,[2526排程CSV] 原狀態:正常（排程中） 對班:soft_match(80)
717fc491-c5c3-4e59-a48a-ecaf23d168b5,,,2026-05-19,16:30,17:45,預定,[2526排程CSV] 原狀態:正常（排程中） 對班:soft_match(80)
717fc491-c5c3-4e59-a48a-ecaf23d168b5,,,2026-05-26,16:30,17:45,預定,[2526排程CSV] 原狀態:正常（排程中） 對班:soft_match(80)
717fc491-c5c3-4e59-a48a-ecaf23d168b5,,,2026-06-02,16:30,17:45,預定,[2526排程CSV] 原狀態:正常（排程中） 對班:soft_match(80)
717fc491-c5c3-4e59-a48a-ecaf23d168b5,,,2026-06-09,16:30,17:45,預定,[2526排程CSV] 原狀態:正常（排程中） 對班:soft_match(80)
717fc491-c5c3-4e59-a48a-ecaf23d168b5,,,2026-06-16,16:30,17:45,預定,[2526排程CSV] 原狀態:正常（排程中） 對班:soft_match(80)
717fc491-c5c3-4e59-a48a-ecaf23d168b5,,,2026-06-23,16:30,17:45,預定,[2526排程CSV] 原狀態:正常（排程中） 對班:soft_match(80)
717fc491-c5c3-4e59-a48a-ecaf23d168b5,,,2026-06-30,16:30,17:45,預定,[2526排程CSV] 原狀態:正常（排程中） 對班:soft_match(80)
6945a843-c440-44e5-a5c7-9fa0435ab410,,,2026-04-26,14:00,15:15,預定,[2526排程CSV] 原狀態:正常（排程中） 對班:soft_match(95)
aaa3f0f8-bb13-4442-8e4f-27a4327f9f75,,,2026-04-19,11:30,12:45,完成,[2526排程CSV] 原狀態:正常（已完成） 對班:班名鍵精確/括號變體
aaa3f0f8-bb13-4442-8e4f-27a4327f9f75,,,2026-04-26,11:30,12:45,預定,[2526排程CSV] 原狀態:正常（排程中） 對班:班名鍵精確/括號變體
aaa3f0f8-bb13-4442-8e4f-27a4327f9f75,,,2026-05-03,11:30,12:45,預定,[2526排程CSV] 原狀態:正常（排程中） 對班:班名鍵精確/括號變體
aaa3f0f8-bb13-4442-8e4f-27a4327f9f75,,,2026-05-10,11:30,12:45,預定,[2526排程CSV] 原狀態:正常（排程中） 對班:班名鍵精確/括號變體
aaa3f0f8-bb13-4442-8e4f-27a4327f9f75,,,2026-05-17,11:30,12:45,預定,[2526排程CSV] 原狀態:正常（排程中） 對班:班名鍵精確/括號變體
aaa3f0f8-bb13-4442-8e4f-27a4327f9f75,,,2026-05-24,11:30,12:45,預定,[2526排程CSV] 原狀態:正常（排程中） 對班:班名鍵精確/括號變體
aaa3f0f8-bb13-4442-8e4f-27a4327f9f75,,,2026-05-31,11:30,12:45,預定,[2526排程CSV] 原狀態:正常（排程中） 對班:班名鍵精確/括號變體
aaa3f0f8-bb13-4442-8e4f-27a4327f9f75,,,2026-06-07,11:30,12:45,預定,[2526排程CSV] 原狀態:正常（排程中） 對班:班名鍵精確/括號變體
aaa3f0f8-bb13-4442-8e4f-27a4327f9f75,,,2026-06-14,11:30,12:45,預定,[2526排程CSV] 原狀態:正常（排程中） 對班:班名鍵精確/括號變體
aaa3f0f8-bb13-4442-8e4f-27a4327f9f75,,,2026-06-21,11:30,12:45,預定,[2526排程CSV] 原狀態:正常（排程中） 對班:班名鍵精確/括號變體
aaa3f0f8-bb13-4442-8e4f-27a4327f9f75,,,2026-06-28,11:30,12:45,預定,[2526排程CSV] 原狀態:正常（排程中） 對班:班名鍵精確/括號變體
ccb0e36e-a62e-405b-ad5d-5d227e49e63e,,,2026-04-19,12:45,14:00,完成,[2526排程CSV] 原狀態:正常（已完成） 對班:班名鍵精確/括號變體
ccb0e36e-a62e-405b-ad5d-5d227e49e63e,,,2026-04-26,12:45,14:00,預定,[2526排程CSV] 原狀態:正常（排程中） 對班:班名鍵精確/括號變體
ccb0e36e-a62e-405b-ad5d-5d227e49e63e,,,2026-05-03,12:45,14:00,預定,[2526排程CSV] 原狀態:正常（排程中） 對班:班名鍵精確/括號變體
ccb0e36e-a62e-405b-ad5d-5d227e49e63e,,,2026-05-10,12:45,14:00,預定,[2526排程CSV] 原狀態:正常（排程中） 對班:班名鍵精確/括號變體
ccb0e36e-a62e-405b-ad5d-5d227e49e63e,,,2026-05-17,12:45,14:00,預定,[2526排程CSV] 原狀態:正常（排程中） 對班:班名鍵精確/括號變體
ccb0e36e-a62e-405b-ad5d-5d227e49e63e,,,2026-05-24,12:45,14:00,預定,[2526排程CSV] 原狀態:正常（排程中） 對班:班名鍵精確/括號變體
ccb0e36e-a62e-405b-ad5d-5d227e49e63e,,,2026-05-31,12:45,14:00,預定,[2526排程CSV] 原狀態:正常（排程中） 對班:班名鍵精確/括號變體
ccb0e36e-a62e-405b-ad5d-5d227e49e63e,,,2026-06-07,12:45,14:00,預定,[2526排程CSV] 原狀態:正常（排程中） 對班:班名鍵精確/括號變體
ccb0e36e-a62e-405b-ad5d-5d227e49e63e,,,2026-06-14,12:45,14:00,預定,[2526排程CSV] 原狀態:正常（排程中） 對班:班名鍵精確/括號變體
ccb0e36e-a62e-405b-ad5d-5d227e49e63e,,,2026-06-21,12:45,14:00,預定,[2526排程CSV] 原狀態:正常（排程中） 對班:班名鍵精確/括號變體
ccb0e36e-a62e-405b-ad5d-5d227e49e63e,,,2026-06-28,12:45,14:00,預定,[2526排程CSV] 原狀態:正常（排程中） 對班:班名鍵精確/括號變體
210ee57a-12af-415e-8543-73862201a136,,,2026-04-20,16:30,17:45,預定,[2526排程CSV] 原狀態:正常（排程中） 對班:班名鍵精確/括號變體
210ee57a-12af-415e-8543-73862201a136,,,2026-04-27,16:30,17:45,預定,[2526排程CSV] 原狀態:正常（排程中） 對班:班名鍵精確/括號變體
210ee57a-12af-415e-8543-73862201a136,,,2026-05-04,16:30,17:45,預定,[2526排程CSV] 原狀態:正常（排程中） 對班:班名鍵精確/括號變體
210ee57a-12af-415e-8543-73862201a136,,,2026-05-11,16:30,17:45,預定,[2526排程CSV] 原狀態:正常（排程中） 對班:班名鍵精確/括號變體
210ee57a-12af-415e-8543-73862201a136,,,2026-05-18,16:30,17:45,預定,[2526排程CSV] 原狀態:正常（排程中） 對班:班名鍵精確/括號變體
210ee57a-12af-415e-8543-73862201a136,,,2026-05-25,16:30,17:45,預定,[2526排程CSV] 原狀態:正常（排程中） 對班:班名鍵精確/括號變體
210ee57a-12af-415e-8543-73862201a136,,,2026-06-01,16:30,17:45,預定,[2526排程CSV] 原狀態:正常（排程中） 對班:班名鍵精確/括號變體
210ee57a-12af-415e-8543-73862201a136,,,2026-06-08,16:30,17:45,預定,[2526排程CSV] 原狀態:正常（排程中） 對班:班名鍵精確/括號變體
210ee57a-12af-415e-8543-73862201a136,,,2026-06-15,16:30,17:45,預定,[2526排程CSV] 原狀態:正常（排程中） 對班:班名鍵精確/括號變體
210ee57a-12af-415e-8543-73862201a136,,,2026-06-22,16:30,17:45,預定,[2526排程CSV] 原狀態:正常（排程中） 對班:班名鍵精確/括號變體
210ee57a-12af-415e-8543-73862201a136,,,2026-06-29,16:30,17:45,預定,[2526排程CSV] 原狀態:正常（排程中） 對班:班名鍵精確/括號變體
6ee1adfc-32ce-4d14-80e8-71421fbc1692,,,2026-05-17,10:15,11:30,預定,[2526排程CSV] 原狀態:正常（排程中） 對班:班名鍵精確/括號變體
6ee1adfc-32ce-4d14-80e8-71421fbc1692,,,2026-05-24,10:15,11:30,預定,[2526排程CSV] 原狀態:正常（排程中） 對班:班名鍵精確/括號變體
6ee1adfc-32ce-4d14-80e8-71421fbc1692,,,2026-05-31,10:15,11:30,預定,[2526排程CSV] 原狀態:正常（排程中） 對班:班名鍵精確/括號變體
6ee1adfc-32ce-4d14-80e8-71421fbc1692,,,2026-06-07,10:15,11:30,預定,[2526排程CSV] 原狀態:正常（排程中） 對班:班名鍵精確/括號變體
6ee1adfc-32ce-4d14-80e8-71421fbc1692,,,2026-06-14,10:15,11:30,預定,[2526排程CSV] 原狀態:正常（排程中） 對班:班名鍵精確/括號變體
6ee1adfc-32ce-4d14-80e8-71421fbc1692,,,2026-06-21,10:15,11:30,預定,[2526排程CSV] 原狀態:正常（排程中） 對班:班名鍵精確/括號變體
6ee1adfc-32ce-4d14-80e8-71421fbc1692,,,2026-06-28,10:15,11:30,預定,[2526排程CSV] 原狀態:正常（排程中） 對班:班名鍵精確/括號變體
1aad19f0-38ce-4787-9fbf-fa92d4774e0f,,,2026-04-17,16:00,18:00,預定,[2526排程CSV] 原狀態:補堂 對班:班名鍵精確/括號變體
6945a843-c440-44e5-a5c7-9fa0435ab410,,,2026-04-19,14:00,15:15,完成,[2526排程CSV] 原狀態:正常（已完成） 對班:soft_match(115)
6945a843-c440-44e5-a5c7-9fa0435ab410,,,2026-05-03,14:00,15:15,預定,[2526排程CSV] 原狀態:正常（排程中） 對班:soft_match(115)
6945a843-c440-44e5-a5c7-9fa0435ab410,,,2026-05-10,14:00,15:15,預定,[2526排程CSV] 原狀態:正常（排程中） 對班:soft_match(115)
6945a843-c440-44e5-a5c7-9fa0435ab410,,,2026-05-17,14:00,15:15,預定,[2526排程CSV] 原狀態:正常（排程中） 對班:soft_match(115)
6945a843-c440-44e5-a5c7-9fa0435ab410,,,2026-05-24,14:00,15:15,預定,[2526排程CSV] 原狀態:正常（排程中） 對班:soft_match(115)
6945a843-c440-44e5-a5c7-9fa0435ab410,,,2026-05-31,14:00,15:15,預定,[2526排程CSV] 原狀態:正常（排程中） 對班:soft_match(115)
6945a843-c440-44e5-a5c7-9fa0435ab410,,,2026-06-07,14:00,15:15,預定,[2526排程CSV] 原狀態:正常（排程中） 對班:soft_match(115)
6945a843-c440-44e5-a5c7-9fa0435ab410,,,2026-06-14,14:00,15:15,預定,[2526排程CSV] 原狀態:正常（排程中） 對班:soft_match(115)
6945a843-c440-44e5-a5c7-9fa0435ab410,,,2026-06-21,14:00,15:15,預定,[2526排程CSV] 原狀態:正常（排程中） 對班:soft_match(115)
6945a843-c440-44e5-a5c7-9fa0435ab410,,,2026-06-28,14:00,15:15,預定,[2526排程CSV] 原狀態:正常（排程中） 對班:soft_match(115)
6ee1adfc-32ce-4d14-80e8-71421fbc1692,,,2026-04-23,17:15,18:30,預定,[2526排程CSV] 原狀態:補堂 對班:班名鍵精確/括號變體
